code;libellé;trigramme;date de début de validité;date de fin de validité;20/02/2025
41062136100014;IRCOM;AAR;01/01/1900;
31456056600015;CGRR;AAR;01/01/1900;
77568291700015;Groupe AG2R;AAR;01/01/1900;
41759197100011;APICIL AGIRA;AAR;01/01/1900;
48053538400055;B2V GESTION ASSOCIATION;AAR;01/01/1900;
33213903900017;Groupe IRP AUTO;AAR;01/01/1900;
44832375800038;AUDIENS;AAR;01/01/1900;
30558637200321;KLESIA Retraite;AAR;01/01/1900;
39911122800017;LOURMEL;AAR;01/01/1900;
39481650800029;Groupe AG2R (REUNICA);AAR;01/01/1900;
77567053200404;Groupe PRO BTP;AAR;01/01/1900;
50762844400014;MALAKOFF MEDERIC Retraite;AAR;01/01/1900;
41765671700028;Groupe CRC;AAR;01/01/1900;
44289241000030;BTPR;AAR;01/01/1900;
75320126800012;HUMANIS Retraite;AAR;01/01/1900;
77567521800132;HUMANIS CRE IRCAFEX;AAR;01/01/1900;
49914777500021;CAMIEG;CAM;01/01/1900;
47865038500014;CNIEG;CNI;01/01/1900;
77567608300030;Caisse des Congés spectacles;AUD;01/01/1900;
77567188600064;CRPCEN;CRC;01/01/1900;
78542230400291;SIRET de la CRPNPAC;CRN;07/03/2022;
A10101;ASSUREUR TEST 1 POUR LES EDITEURS;FFS;01/01/2000;
A10102;ASSUREUR TEST 2 POUR LES EDITEURS;FFS;01/01/2000;
A10103;ASSUREUR TEST 3 POUR LES EDITEURS;FFS;01/01/2000;
A4M001;QUATREM;FFS;01/01/2000;
A4MSP2;QUATREM SANTE PREVOYANCE;FFS;01/07/2022;
AALAN1;ALAN;FFS;01/01/2000;
ABCAC1;BCAC;FFS;01/01/2000;
ABCAC9;BCAC (B2V GESTION);FFS;01/01/2000;
ABEIL1;ABEILLE IARD & SANTE;FFS;01/02/2022;
ABEIL2;ABEILLE VIE;FFS;01/02/2022;
ABEIL3;ABEILLE RETRAITE PROFESSIONNELLE;FFS;01/02/2022;
ABPCE1;BPCE VIE;FFS;01/01/2000;
ACARD1;CARDIF;FFS;01/01/2000;
ACART7;CREDIT AGRICOLE RETRAITE;FFS;01/11/2022;
ACHUB1;CHUBB (ACE EUROPEAN GROUP);FFS;01/01/2000;
ACMAV1;COMPAGNIE MUTUELLE D'ASSURANCE VIE;FFS;01/01/2000;
ACNPA1;CNP ASSURANCES;FFS;01/01/2000;
ACRMU1;ASSURANCES DU CREDIT MUTUEL IARD SA;FFS;01/01/2000;
ACRMU2;ASSURANCES DU CREDIT MUTUEL VIE SA;FFS;01/01/2000;
ACRMU3;ASSURANCES CREDIT MUTUEL NORD VIE;FFS;01/01/2000;
ACRMU4;ASSURANCES CREDIT MUTUEL NORD IARD;FFS;01/01/2000;
ACRMU5;ASSURANCES CREDIT MUTUEL VIE MUTUELLE;FFS;01/01/2000;
ACTEV1;ACTE VIE;FFS;01/01/2000;
AEMOA1;EMOA MUTUELLE DU VAR;FFS;01/12/2023;
AFIDE1;FIDELIDADE ASSURANCES;FFS;01/01/2000;
AGARA7;GARANCE RETRAITE;FFS;01/10/2024;
AGFAC1;GFA CARAIBES;FFS;01/01/2000;
AGEN01;GENERALI;FFS;01/01/2000;
AGENR7;GENERALI RETRAITE;FFS;01/07/2023;
AGGAAV;GAN ASSURANCE VIE;FFS;01/01/2000;
AGGEEV;GAN EUROCOURTAGE VIE;FFS;01/01/2000;
AGGRAM;GROUPAMA MEDITERRANNEE;FFS;01/01/2000;
AGGRCA;GROUPAMA CENTRE-ATLANTIQUE;FFS;01/01/2000;
AGGRCM;GROUPAMA CENTRE-MANCHE;FFS;01/01/2000;
AGGRGE;GROUPAMA GRAND-EST;FFS;01/01/2000;
AGGRNE;GROUPAMA NORD-EST;FFS;01/01/2000;
AGGROC;GROUPAMA D'OC;FFS;01/01/2000;
AGGRVI;GROUPAMA VIE;FFS;01/01/2000;
AGGRLB;GROUPAMA LOIRE-BRETAGNE;FFS;01/01/2000;
AGGRPL;GROUPAMA PARIS VAL DE LOIRE;FFS;01/01/2000;
AGGRRA;GROUPAMA RHONES-ALPES AUVERGNE;FFS;01/01/2000;
AGGROI;GROUPAMA OCEAN INDIEN;FFS;01/01/2000;
AGGUNM;REUNIMA;FFS;01/01/2000;
AGSMC1;MUTUELLE GSMC;FFS;01/11/2021;
AHDIG1;HDI GLOBAL;FFS;01/01/2023;
AHUMA1;QUATREM (EX MHA);FFS;01/01/2000;
AIGEU1;AIG EUROPE;FFS;01/01/2000;
ALASA1;LA SAUVEGARDE;FFS;01/01/2000;
ALASF1;LA SECURITE FAMILIALE;FFS;01/01/2000;
ALAUV1;LAUXILIAIRE VIE;FFS;01/10/2024;
ALAUX1;LAUXILIAIRE;FFS;01/10/2024;
ALEGA1;APICIL EPARGNE RETRAITE;FFS;01/03/2023;
ALIBE1;LIBEA;FFS;01/01/2000;
ALMON1;AG2R LA MONDIALE;FFS;01/01/2000;
ALMRS1;LA MONDIALE RETRAITE SUPPLEMENTAIRE;FFS;01/09/2022;
ALOUR1;LOURMEL SOLUTIONS ASSURANCES;FFS;01/07/2021;
AMACS1;MUTUELLE D'ASSURANCES DU CORPS DE SANTE FRANCAIS;FFS;01/01/2000;
AMADP1;MADP ASSURANCES;FFS;01/01/2000;
AMALP8;MUTUALP;FFS;01/05/2024;
AMAPA1;MAPA ASSURANCES;FFS;01/01/2000;
AMDPA1;AMDPA - MUTUELLE DE POITIERS ASSURANCES;FFS;01/01/2000;
AMFPR1;MFPREVOYANCE;FFS;01/01/2000;
AMGAS1;CNP ASSURANCES PROTECTION SOCIALE;FFS;01/12/2023;
AMGD10;MUTUELLE GENERALE DE LA DISTRIBUTION;FFS;01/02/2020;
AMAAF1;MAAF;FFS;01/01/2000;
AMILT1;MILTIS;FFS;01/01/2023;
AMMAS1;MMA;FFS;01/01/2000;
AMSOL1;MUTUELLES DU SOLEIL;FFS;01/10/2021;
AMSTM1;MUTUELLE SAINT MARTIN;FFS;01/09/2018;
AMTRL1;MTRL;FFS;01/01/2000;
ANTAR1;ANTARIUS;FFS;01/01/2000;
AOCRP1;OCIRP VIE;FFS;01/02/2022;
AORAD1;ORADEA VIE;FFS;01/01/2000;
APACF1;PACIFICA;FFS;01/01/2000;
APARM1;MAIF VIE;FFS;01/07/2019;
APERP1;PROBTP ERP (EPARGNE RETRAITE PREVOYANCE];FFS;01/01/2000;
APOST1;LA BANQUE POSTALE;FFS;01/01/2000;
APRED1;PREDICA;FFS;01/01/2000;
APREP1;PREPAR IARD;FFS;01/01/2000;
APREV1;MUTUELLE PREVIFRANCE;FFS;01/12/2018;
APRIM1;PRIMA SANTE PREV;FFS;01/12/2022;
APRUD1;PRUDENCE CREOLE;FFS;01/01/2000;
APVIE1;PREVOIR VIE;FFS;01/12/2022;
AREAS1;AREAS DOMMAGES;FFS;01/01/2000;
AREEX1;R2E-RETRAITE EPARGNE EXPERTISE;FFS;01/01/2000;
ARIAL1;ARIAL;FFS;01/01/2000;
ASAMB1;INIZ MUTUELLE;FFS;01/01/2000;
ASERE1;SERENIS ASSURANCES;FFS;01/01/2000;
ASEYN1;SEYNA;FFS;01/02/2024;
ASGCA1;SOGECAP;FFS;01/01/2000;
ASHAM1;SHAM;FFS;01/01/2000;
ASMAB1;SMA BTP;FFS;01/01/2000;
ASMAV1;SMA VIE;FFS;01/01/2000;
ASSMC1;ASSURANCES MUTUELLES LE CONSERVATEUR;FFS;01/01/2000;
ASTCH1;SAINT-CHRISTOPHE PREVOYANCE;FFS;01/01/2000;
ASWI01;SWISSLIFE;FFS;01/01/2000;
ATHEL1;THELEM ASSURANCES;FFS;01/01/2000;
ATOKM1;TOKIO MARINE;FFS;01/01/2000;
AUMGM1;MUTUALIA;FFS;01/07/2019;
AVIVA1;AVIVA ASSURANCES;FFS;01/01/2000;
AVIVA2;AVIVA VIE;FFS;01/01/2000;
AVIVA3;ARP-AVIVA RETRAITE PROFESSIONNELLE;FFS;03/12/2018;
AWELC1;WELCARE;FFS;01/01/2000;
AXA001;AXA ENTREPRISES;FFS;01/01/2000;
AXERP1;AXERIA PREVOYANCE;FFS;01/01/2000;
AZ0001;ALLIANZ;FFS;01/01/2000;
AZRET1;ALLIANZ RETRAITE;FFS;01/06/2020;
P0002;AGRI PREVOYANCE;CTI;01/01/2000;
P0223;CPCEA;CTI;01/01/2000;
P0395;MALAKOFF MEDERIC PREVOYANCE (ex CAPREVAL);CTI;01/01/2000;
P0675;IPSEC;CTI;01/01/2000;
P0826;KERIALIS (ex-CREPA);CTI;01/01/2000;
P0832;CARCO;CTI;01/01/2000;
P0914;BTP PREVOYANCE;CTI;01/01/2000;
P0921;CIPREV;CTI;01/01/2000;
P0930;APGIS;CTI;01/01/2000;
P0942;AG2R PREVOYANCE;CTI;01/01/2000;
P0945;ARPEGE PREVOYANCE;CTI;01/01/2000;
P0947;UNIPREVOYANCE;CTI;01/01/2000;
P0954;IPRIAC;CTI;01/01/2000;
P0958;IRP AUTO Prévoyance-Santé;CTI;01/01/2000;
P0959;KLESIA PREVOYANCE (ex-IPGM);CTI;01/01/2000;
P0971;CARCEPT PREVOYANCE;CTI;01/01/2000;
P0972;INPR;CTI;01/01/2000;
P0978;CARPILIG PREVOYANCE;CTI;01/01/2000;
P0979;IPECA PREVOYANCE;CTI;01/01/2000;
P0983;AUDIENS PREVOYANCE;CTI;01/01/2000;
P0990;CRP-BTP;CTI;01/01/2000;
P0997;IPBP;CTI;01/01/2021;
P1003;IRCEM PREVOYANCE;CTI;01/01/2000;
P1016;KLESIA PREVOYANCE (ex-OREPA-Prévoyance);CTI;01/01/2000;
P1020;CAISSE REUNIONNAISE DE PREVOYANCE (CRP);CTI;01/01/2000;
P1022;CAPSSA;CTI;01/01/2000;
P1030;HUMANIS PREVOYANCE (fusionnant APRI/IONIS/NOVALIS/TAITBOUT/CAPAVES prévoyance);CTI;01/01/2000;
P1031;APICIL PREVOYANCE;CTI;01/01/2000;
P1033;CGPCE;CTI;01/01/2000;
P1035;CCPMA PREVOYANCE;CTI;01/01/2000;
P1330;A2VIP (ex B2V Prévoyance);CTI;01/01/2000;
P2001;MIEL GROUPE MALAKOFF HUMANIS;CTI;01/01/2020;
P2002;SMATIS Mutuelle;CTI;01/01/2021;
P2003;MCCI;CTI;01/01/2021;
P2005;MUTUELLE BOISSIERE;CTI;01/10/2022;
P3001;RSBP;CTI;01/01/2021;
P3008;CPCEA RETRAITE SUPPLEMENTAIRE;CTI;01/01/2023;
P3009;CCPMA RETRAITE SUPPLEMENTAIRE;CTI;01/01/2023;
P3010;PRODIGEO;CTI;01/10/2022;
222222222;MUTUELLE DE TEST;FNM;01/01/2000;
301862769;MUTUELLE SMH;FNM;01/01/2000;
302476536;LA MUTUELLE CATALANE;FNM;04/01/2023;
302655766;ESPACE MUTUALISTE GIVORDIN;FNM;01/11/2021;
302766852;MUTUELLE DE LA REGIE DES TRANSPORTS EN COMMUN DE L'AGGLOMERATION TROYENNE;FNM;01/01/2000;
302927553;APICIL MUTUELLE;FNM;01/01/2000;
302976592;AVENIR MUTUELLE;FNM;01/01/2000;
302981923;MUTUELLE DES PROFESSIONS JUDICIAIRES;FNM;01/01/2000;
304580228;MUTUELLE FAMILIALE DE NORMANDIE;FNM;01/01/2000;
308708650;MCLR;FNM;01/01/2000;
309104099;LA MUTUELLE VERTE;FNM;01/01/2000;
309244648;MUTUELLE ENTRENOUS;FNM;01/01/2000;
310259221;MUTUELLE D'IVRY (LA FRATERNELLE);FNM;01/01/2000;
311799878;AESIO MUTUELLE (ex ADREA MUTUELLE);FNM;01/01/2000;
313309080;LES MUTUELLES LIGERIENNES;FNM;01/01/2024;
313385882;MUTUELLE ENSEMBLE;FNM;01/11/2021;
313389157;MUTUELLE D ENTREPRISE DES ETABLISSEMENTS DU BON SAUVEUR;FNM;01/01/2000;
314559451;MUTUELLE MARE GAILLARD;FNM;01/01/2000;
314685835;MUTUELLE DES HOPITAUX DE LA VIENNE;FNM;01/01/2000;
314765546;MUTUELLE DES CHEMINOTS DE LA REGION DE NANTES;FNM;01/01/2000;
315519231;MUTUELLE LA CHOLETAISE;FNM;01/01/2000;
315652263;MUTAVIE;FNM;01/01/2000;
317442176;AESIO MUTUELLE (ex EOVI-MCD MUTUELLE);FNM;01/01/2000;
319074779;MUTUELLE CHEMINOTS DU NORD;FNM;01/01/2000;
320377906;MUTUELLE GENERALE DE PREVOYANCE SOCIALE;FNM;01/01/2000;
324042621;MUTUELLE DES TRANSPORTS;FNM;01/01/2000;
330929845;MUTUELLE MFTSV;FNM;01/01/2000;
331901942;MUTUELLE INTERPROFESSIONNELLE DE PREVOYANCE;FNM;01/01/2000;
331903757;MUTUELLE ACCIDENTS DE LA CONFEDERATION GENERALE DES OEUVRES LAIQUES;FNM;01/01/2000;
333212561;MUTUELLE DE PONTOISE;FNM;01/01/2000;
333333333;MUTUELLE DES PATENTES ET LIBERAUX DE NOUVELLE CALEDONIE;FNM;01/01/2000;
337682660;MUTUELLE GENERALE DE PREVOYANCE;FNM;01/01/2000;
339198939;MUTAC;FNM;01/01/2000;
339358681;MALAKOFF HUMANIS MUTUELLE (EX MHN);FNM;01/01/2000;31/12/2025
340359900;INTEGRANCE;FNM;01/01/2000;
342211265;MUTUELLES DE LORRAINE;FNM;01/01/2000;
344304787;UNION DES MUTUELLES DE LA REUNION;FNM;01/01/2000;
347391948;MUTUELLE DU CHU ET HOPITAUX DU PUY DE DOME;FNM;01/01/2000;
348099789;MUTUELLE PROVENCE ENTREPRISES;FNM;01/01/2000;
350873287;MUTUELLE DES TERRITORIAUX ET HOSPITALIERS;FNM;01/01/2000;
351948237;LA PROBITE;FNM;01/01/2000;
351956537;MUTUELLE DE L'ENSEIGNEMENT CATHOLIQUE DE L'ANJOU;FNM;01/01/2000;
351963616;MUTUELLE INTERENTREPRISE ERAM 526;FNM;01/01/2000;
352291561;MUTUELLE MEUSREC;FNM;01/01/2000;
352502546;MUTUELLE DU VAL DE SEVRE;FNM;01/01/2000;
352537369;AMICALE DU PERSONNEL DE FLEURY MICHON SA;FNM;01/01/2000;
353171440;MIAG - MUTUELLE INTERPROFESSIONNELLE ANTILLE GUYANNE;FNM;01/01/2000;
379718653;MUTUELLE NATIONALE DES PERSONNELS AIR FRANCE;FNM;01/01/2000;
382046464;MUTUELLE NATIONALE DU PERSONNEL DES ETABLISSEMENTS MICHELIN;FNM;01/01/2000;
383143617;SOLIMUT MUTUELLE DE FRANCE;FNM;01/01/2000;
384253605;MUTLOG GARANTIES;FNM;01/01/2000;
384513073;MUTUELLE GENERALE DE PREVOYANCE ET D'ASSISTANCE;FNM;01/01/2000;
388213423;MUTUELLE GENERALE SOLIDARITE DE LA REUNION;FNM;01/01/2000;
388213712;MUTUELLE FAMILIALE DE LA REUNION;FNM;01/01/2000;
388887259;MUTUELLE DES ELUS LOCAUX;FNM;01/01/2000;
390550986;SOCIETE MUTUALISTE DU PERSONNEL ACTIF ET RETRAITE DE LA MARQUE;FNM;01/01/2000;
390730893;MUTUELLE D'OUEST-FRANCE;FNM;01/01/2000;
390802619;MUTUELLE LA SECURITE ASTURIENNE;FNM;01/01/2000;
390820058;MUTUELLE D'ENTREPRISES SCHNEIDER ELECTRIC;FNM;01/01/2000;
390917953;MUTUELLE DU BATIMENT ET DES TRAVAUX PUBLICS DU SUD EST;FNM;01/01/2000;
390998466;MUTUELLE SAINT AUBANNAISE;FNM;01/01/2000;
391036183;MUTUELLE DES SAPEURS POMPIERS DE PARIS;FNM;01/01/2000;
391322849;MUTUELLE DE LA DEPECHE DU MIDI;FNM;01/01/2000;
391346236;NUOMA MUTUELLE;FNM;01/01/2000;
391396397;SOCIETE DE PREVOYANCE MUTUALISTE DU PERSONNEL DE LA BANQUE DE FRANCE;FNM;01/01/2000;
391398351;MUTUELLE NATIONALE DES CONSTRUCTEURS ET ACCEDANTS A LA PROPRIETE;FNM;01/01/2000;
391399227;GARANCE;FNM;01/01/2000;
391526225;MUTUELLE SANTE EIFFAGE ENERGIE;FNM;01/01/2000;
391951357;MUTUELLE DU PERSONNEL DES COLLECTIVITES TERRITORIALE DE LA REUNION;FNM;01/01/2000;
397742958;MUTUELLE DE FRANCE DES HOSPITALIERS;FNM;01/01/2000;
405390238;MUTUELLE DE FRANCE LOIRE FOREZ;FNM;01/01/2000;
407879709;SOCIETE MUTUALISTE INTER-ENTREPRISES;FNM;01/01/2000;
413423005;MUTUELLE LA FRANCE MARITIME;FNM;01/01/2000;
414494708;SPHERIA VIE;FNM;01/01/2000;
419049499;ENERGIE MUTUELLE;FNM;01/01/2000;
419320015;MUTUELLE PREVOYANCE ET DE L'HABITAT DE LA REUNION;FNM;01/01/2000;
422801910;MUTUELLE DES SPORTIFS;FNM;01/01/2000;
429873706;BANQUE POPULAIRE MUTUALITE;FNM;01/01/2000;
430169342;MUTUELLE DES PERSONNELS DU CH MONTPERRIN;FNM;01/01/2000;
430173336;MUTUELLE DES EMPLOYES TERRITORIAUX DE SAINT RAPHAEL;FNM;01/01/2000;
430181123;MUTUELLE DES PERSONNELS MARITIMES;FNM;01/01/2000;
430184507;MUTUELLE DU PERSONNEL DES TRANSPORTS URBAINS DE CANNES - BUS AZUR;FNM;01/01/2000;
430270116;MUTUELLE DE SAINT JUNIEN ET DES ENVIRONS;FNM;01/01/2000;
431282581;SOLIMUT MUTUELLE PERSONNELS ORGANISMES SOCIAUX;FNM;01/01/2000;
431535327;CPAM - SOCIETE MUTUALISTE INTERENTREPRISE DU PERSONNEL DES ORGANISMES SOCIAUX DU LOT;FNM;01/01/2000;
431643071;MUTUELLE DE LA VERRERIE D'ALBI;FNM;01/01/2000;
431875210;JAJI;FNM;01/01/2025;
431988021;MUTUELLE EPARGNE RETRAITE;FNM;01/01/2000;
432162113;MUTUELLE DES ANCIENS DES CHANTIERS LA ROCHELLE-PALLICE;FNM;01/01/2000;
432456788;MUTUELLE DU PERSONNEL DES PORTS DU DETROIT;FNM;01/01/2000;
432674281;MUTUELLE AIDE ET SOLIDARITE;FNM;01/01/2000;
432683787;MUTUELLE DE PREVOYANCE ET DE SANTE;FNM;01/01/2000;
433087806;MUTUELLE AVENIR SANTE;FNM;01/01/2000;
434243085;MUTUELLE OCIANE MATMUT;FNM;01/01/2000;
437732191;SOCIETE MUTUALISTE DU SALEVE;FNM;01/01/2000;
437994205;MUTUELLE GENERALE INTERPROFESSIONNELLE;FNM;01/01/2000;
438804312;MUTUELLE D'ENTRAIDE DE LA MUTUALITE FRANCAISE;FNM;01/01/2000;
442292447;MUTUELLE VERRIERS ET ASSIMILES;FNM;01/01/2000;
442449278;MUTUELLE VAROISE DES TRAVAILLEURS DE L'ETAT;FNM;01/01/2000;
442489084;MG UNION;FNM;01/01/2000;
442634564;MUTUELLE DU PERSONNEL DE LA BANQUE POPULAIRE DU SUD;FNM;01/01/2000;
442671830;MUTUELLE DE L'ENSEIGNEMENT CATHOLIQUE DES COTES D'ARMOR;FNM;01/01/2000;
442907127;ALLIANCE DES MUTUALISTES DU TRANSPORT ET DU SECTEUR SOCIAL - ALMUTRA;FNM;01/01/2000;
442930939;MUTUELLE GEODIS;FNM;01/01/2000;
442978086;PAVILLON PREVOYANCE;FNM;01/01/2000;
443098603;MUTUELLE DES PERSONNELS DU CENTRE HOSPITALIER D'ALES;FNM;01/01/2000;
443172507;MUTUELLE DE PREVOYANCE DU PERSONNEL DE LA MACIF;FNM;01/01/2000;
443396494;UNION MUTUALISTE DE PREVOYANCE;FNM;01/01/2000;
443611504;MUTUELLE D'ENTREPRISE TANIN ET PANNEAUX DE LABRUGUIERE;FNM;01/01/2000;
443885355;CYBELE SOLIDARITE;FNM;01/01/2000;
444060099;MUTUELLE FACOM;FNM;01/01/2000;
444148399;MUTUELLE DU PERSONNEL DE LA CPAM DU SUD FINISTERE;FNM;01/01/2000;
444205769;MUTUELLE DE BAGNEAUX;FNM;01/01/2000;
444270532;CAISSE DE SOLIDARITE DE L'ARSENAL DE TARBES;FNM;01/01/2000;
444270730;MUTUELLE KEOLIS RENNES;FNM;01/01/2000;
444424931;MUTUELLE PREVOYANCE ALSACE;FNM;01/01/2000;
483041307;TERRITORIA MUTUELLE;FNM;01/01/2000;
483747333;RADIANCE MUTUELLE;FNM;01/01/2000;
490909454;MUTARIS CAUTION;FNM;01/01/2000;
499982098;MGEFI - MUTUELLE GENERALE DE L'ECONOMIE DES FINANCES ET DE L'INDUSTRIE;FNM;01/01/2000;
503380081;MUTUELLE UNEO;FNM;01/01/2000;
508400629;MFPRECAUTION;FNM;01/01/2000;
510778442;MUTUELLE MAE;FNM;01/01/2000;
529168007;KLESIA MUT';FNM;01/01/2000;
529219040;MUTEX;FNM;01/01/2000;
538518473;HARMONIE MUTUELLE;FNM;01/01/2000;
666666666;MUTUELLE DU COMMERCE;FNM;01/01/2000;
775558778;MUTUELLE ENTRAIN;FNM;01/01/2000;
775559651;MUTUELLE D'ENTREPRISE DU PERSONNEL DE LA SOCIETE DES EAUX DE MARSEILLE;FNM;01/01/2000;
775597768;AMELLIS MUTUELLES;FNM;01/01/2000;
775606361;MUTUELLE NATIONALE DES HOSPITALIERS ET DES PROFESSIONNELS DE LA SANTE ET DU SOCIAL;FNM;01/01/2000;
775627391;AESIO MUTUELLE (ex MUTUELLE APREVA);FNM;01/01/2000;
775641681;MUTEST;FNM;01/01/2000;
775657125;SOCIETE MUTUALISTE CHIRURGICALE ET COMPLEMENTAIRE DU PERSONNEL DE LA BANQUE DE FRANCE;FNM;01/01/2000;
775657521;MUTUELLE DU MINISTERE DE LA JUSTICE;FNM;01/01/2000;
775659378;MUTUELLE DE PREVOYANCE INTERPROFESSIONNELLE;FNM;01/01/2000;
775659907;MUTUELLE MIEUX-ETRE;FNM;01/01/2000;
775659923;UMEN;FNM;01/01/2000;
775662158;ORPHELINAT MUTUALISTE DE LA POLICE NATIONALE PREVOYANCE;FNM;01/01/2000;
775666340;ASSOCIATION GENERALE DES MEDECINS DE FRANCE PREVOYANCE;FNM;02/10/2019;
775671894;MGP;FNM;01/01/2000;
775671902;MUTUELLE DE L'INDUSTRIE DU PETROLE;FNM;01/01/2000;
775671951;AVENIR SANTE MUTUELLE;FNM;01/01/2000;
775671969;MUTUELLE DU PERSONNEL DU GROUPE RATP;FNM;01/01/2000;
775671993;MUTUELLE BLEUE;FNM;01/01/2000;31/01/2026
775678550;MUTUELLE GENERALE DES CHEMINOTS;FNM;01/01/2000;
775678584;MUTUELLE NATIONALE TERRITORIALE;FNM;01/01/2000;
775682164;TUTELAIRE;FNM;01/01/2000;
775685340;LA MUTUELLE GENERALE;FNM;01/01/2000;
775685365;INTERIALE MUTUELLE;FNM;01/01/2000;
775685399;MUTUELLE GENERALE DE L'EDUCATION NATIONALE;FNM;01/01/2000;
775691132;LA FRANCE MUTUALISTE;FNM;01/01/2000;
775691165;MUTUELLE D'EPARGNE DE RETRAITE ET DE PREVOYANCE CARAC;FNM;01/01/2000;
775722655;MOBILITE MUTUELLE;FNM;01/01/2000;
776011330;LA FRATERNELLE;FNM;01/01/2000;
776346462;SANTEMUT ROANNE;FNM;01/01/2000;
776398794;MUTUELLE DES HOSPITALIERS;FNM;01/01/2000;
776466963;BPCE MUTUELLE;FNM;01/01/2000;
776525610;MUTAME SAVOIE MONT BLANC;FNM;01/01/2000;
776531642;MUTUELLE DE FRANCE UNIE;FNM;06/04/2021;
776744690;MUTUELLE INTERENTREPRISES DES CAVES DE ROQUEFORT;FNM;01/01/2000;
776949760;MUTUELLE NATIONALE DES SAPEURS POMPIERS DE FRANCE;FNM;01/01/2000;
776950602;MPOSS;FNM;01/01/2000;
776950610;MUTAERO;FNM;01/01/2000;
776950677;MUTAMI;FNM;01/01/2000;
777749409;MBA MUTUELLE;FNM;01/11/2021;
777927120;MUTUELLE VIASANTE;FNM;01/01/2000;
778213678;MOS;FNM;01/01/2000;
778588111;MUTUELLE D'ENTREPRISE UGINE GUEUGNON & ALZ;FNM;01/01/2000;
778847301;SORUAL;FNM;01/01/2000;
778868513;LA PREVOYANCE ARTISANALE COMMERCIALE ET SALARIALE;FNM;01/01/2000;
778900027;MUTUELLE COMPLEMENTAIRE D'ALSACE;FNM;01/01/2000;
779209436;PRECOCIA;FNM;01/01/2000;
779445436;MUTUELLE SAMIR;FNM;01/11/2021;
779558501;APIVIA MACIF MUTUELLE;FNM;01/01/2000;
779846849;SO'LYON MUTUELLE;FNM;01/01/2000;
779926294;525EME MUTUELLE D'ENTREPRISES;FNM;01/01/2000;
779984921;MUTUELLE DE L'IRSID;FNM;01/01/2000;
780004099;ACORIS MUTUELLES;FNM;01/01/2000;
780349924;AUBEANE MUTUELLE DE FRANCE;FNM;01/01/2000;
780429049;MUTUELLE DU CHAMPAGNE;FNM;01/01/2000;
780508073;CCMO MUTUELLE;FNM;01/01/2000;
780508081;MUTUELLE DE L'OISE DES AGENTS TERRITORIAUX;FNM;01/01/2000;
780915898;MUTAME & PLUS;FNM;01/01/2000;
781065412;MUTUELLE DU GRAND PORT MARITIME DU HAVRE;FNM;01/01/2000;
781166210;MUTUELLE 403;FNM;01/01/2000;
781452511;MACIF;FNM;01/01/2000;
781847983;MUTUELLE DU PORT DE BORDEAUX;FNM;01/01/2000;
781848221;MUTUELLE LA SOLIDARITE D'AQUITAINE;FNM;01/01/2000;
781848239;MUTUELLE DE L'ENTREPRISE CITRAM;FNM;01/01/2000;
782416127;MUTUELLE DE FRANCE ALPES DU SUD;FNM;01/01/2000;
782814727;MUTUELLE MARSEILLE METROPOLE MUTAME PROVENCE;FNM;01/01/2000;
782825343;MUTUELLE DE FRANCE DU LACYDON;FNM;01/01/2000;
782825368;MUTUELLE DES SERVICES PUBLICS;FNM;01/01/2000;
783005655;MUTUELLE DE LA CORSE;FNM;01/01/2000;
783303209;MUTUELLES DU PAYS HAUT;FNM;01/01/2000;
783332448;MUTUELLE GENERALE DES ETUDIANTS DE L'EST;FNM;01/01/2000;
783376270;GROUPE DES MUTUELLES INDEPENDANTES;FNM;01/01/2000;
783747793;CHORALIS - MUTUELLE LE LIBRE CHOIX;FNM;01/01/2000;
784117525;MUTUELLE DES AUTEURS ET COMPOSITEURS DRAMATIQUES;FNM;03/01/2022;
784227894;MUTUELLE COMPLEMENTAIRE DE LA VILLE DE PARIS DE L'ASSISTANCE PUBLIQUE ET DES ADMINISTRATIONS ANNEXES;FNM;01/01/2000;
784275885;MUTUELLE INTERGROUPES D'ENTRAIDE;FNM;01/01/2000;
784301434;CDC MUTUELLE;FNM;01/01/2000;
784301475;MUTUELLE GENERALE DES AFFAIRES SOCIALES;FNM;01/01/2000;
784338600;SOCIETE MUTUALISTE DU PERSONNEL DE LA SNECMA;FNM;01/01/2000;
784338618;MCEN - MUTUELLE DES CLERCS ET EMPLOYES DE NOTAIRE;FNM;01/01/2000;
784360596;ASSOCIATION NATIONALE DES COLLABORATEURS DE MINISTRES ET DE PARLEMENTAIRES;FNM;01/01/2000;
784360661;MUTUELLE DU MONDE COMBATTANT;FNM;01/01/2000;
784394363;COMPLEMENTAIRE ASSURANCE MALADIE INTERDEPARTEMENTALE ET FAMILIALE;FNM;01/01/2000;
784394413;MUTUELLE FAMILIALE DES CHEMINOTS DE FRANCE;FNM;01/01/2000;
784410805;MUTUELLE DU PERSONNEL DU GROUPE SOCIETE GENERALE;FNM;01/01/2000;
784410847;MUTUELLE DU GROUPE BNP PARIBAS;FNM;01/01/2000;
784442899;MUTUELLE NATIONALE DES FONCTIONNAIRES DES COLLECTIVITES TERRITORIALES;FNM;01/01/2000;
784442915;MUTUELLE FAMILIALE;FNM;01/01/2000;
784442923;LA SOLIDARITE MUTUALISTE;FNM;01/01/2000;
784451569;MUTUELLE INTERGROUPES POLIET ET CIMENT FRANCAIS;FNM;01/01/2000;
784492084;FRANCE MUTUELLE;FNM;01/01/2000;
784608754;MUTUELLE MMH;FNM;01/01/2000;
784647323;LAMIE MUTUELLE;FNM;01/01/2000;
784669954;SMI;FNM;01/01/2000;
784718207;UNION NATIONALE MUTUALISTE INTERPROFESSIONNELLE;FNM;01/01/2000;
784718256;MALAKOFF HUMANIS MUTUELLE (EX MMH);FNM;01/01/2000;
784718397;MUTUELLE VALEO;FNM;01/01/2000;
785151689;MUTUELLE LES MENAGES PREVOYANTS;FNM;01/01/2000;
785196155;MUTUELLE FAMILIALE DES TRAVAILLEURS DU GROUPE SAFRAN;FNM;01/01/2000;
785280884;MUTUELLE DES INDUSTRIES AERONAUTIQUES SPATIALES ET CONNEXES;FNM;01/03/2018;
788108546;MUTUELLE DES SCOP - MUCS;FNM;01/01/2000;
790314017;HARMONIE FONCTION PUBLIQUE;FNM;01/01/2000;31/01/2027
851629162;UNMI'MUT;FNM;04/05/2020;
MUT830EMO;EMOA;OCI;01/01/1900;
MUT410ALE;MUTUALE;OCI;01/01/1900;
MUT590JUS;JUST;OCI;01/01/1900;
MUT750AMP;AMPLI;OCI;01/01/1900;
MUT690MIL;MILTIS;OCI;01/01/1900;
MUT310REM;REMPART;OCI;01/01/1900;
MUT750ARG;ARGENSON;OCI;01/01/1900;
MUT974UMS;UMS;OCI;01/01/1900;
MUT310PRE;PREVIFRANCE;OCI;01/01/1900;
MUT590GSM;GSMC;OCI;01/01/1900;
MUT540NOV;NOVAMUT;OCI;01/01/1900;
MUT880MVH;MUTUELLE VICTOR HUGO;OCI;01/01/1900;
MUT730SMI;SMIP;OCI;01/01/1900;
MUT441LML;LES MUTUELLES LIGERIENNES;OCI;01/01/1900;
MUT370RAL;LE RALLIEMENT;OCI;01/01/1900;
MUT750MFI;MFIF;OCI;01/01/1900;
MUT700MMC;MUTUELLE MEDICO-CHIRURGICALE;OCI;01/01/1900;
MUT750CNM;CNM PREVOYANCE SANTE;OCI;01/01/1900;
MUT954PMI;PMIF;OCI;01/01/1900;
MUT130MHR;Mutuelle des Assurés Sociaux;OCI;01/01/1900;
IND000001;Mutuelle des Pays de Vilaine;OCI;01/01/1900;
IND000002;ASPBTP;OCI;01/01/1900;
C20100947;MCM Corse;OCI;01/01/1900;
E61C62CJT;MUTUELLE SERAMM;OCI;01/01/1900;
MUTSEPR84;SOCIETE MUTUALISTE SEPR;OCI;01/01/1900;
MPV841997;MUTUELLE DES PAYS DE VAUCLUSE;OCI;01/01/1900;
ENTISGEST;ENTIS GESTION;OCI;01/01/1900;
M13011200;Mutuelle du Pays Martégal;OCI;01/01/1900;
M40359626;Mutualia Alliance Santé;OCI;01/01/1900;
M44957125;Mutualia Territoires Solidaires;OCI;01/01/1900;
M40128530;Mutualia Grand Ouest;OCI;01/01/1900;
S13011549;Sereina Mutuelle;OCI;01/01/1900;
MUTUMGA84;MUTUELLE GENERALE D'AVIGNON;OCI;01/01/1900;
REFUGEM12;LE REFUGE MUTUALISTE AVEYRONNAIS;OCI;01/01/1900;
M24593979;UFR-Unité Fraternelle des Régions;OCI;01/01/1900;
MFI3636CB;Mutuelle Familiale de l'Indre;OCI;01/01/1900;
M78371199;M comme Mutuelle;OCI;01/01/1900;
UNIMUT379;Unimutuelles;OCI;01/01/1900;
MUTSANT08;Mutuelle Santé 08;OCI;01/01/1900;
MUTASANTE;MUTA SANTE;OCI;01/01/1900;
MUTMEDI83;Mutuelle de la Méditerranée;OCI;01/01/1900;
MUTCMIP60;Mutuelle CMIP (Centre Mutualiste InterProfessionnel);OCI;01/01/2020;
IM2023200;Identités Mutuelle;OCI;01/01/2024;
UDTMUT131;Mutuelle UDT;OCI;01/01/1900;
DMSA11;MSA Grand Sud;MSA;01/01/1900;
DMSA12;MSA Midi-Pyrénées Nord;MSA;01/01/1900;
DMSA13;MSA Provence-Azur;MSA;01/01/1900;
DMSA14;MSA Côtes Normandes;MSA;01/01/1900;
DMSA17;MSA Charentes;MSA;01/01/1900;
DMSA20;MSA de la Corse;MSA;01/01/1900;
DMSA21;MSA Bourgogne;MSA;01/01/1900;
DMSA22;MSA Armorique;MSA;01/01/1900;
DMSA24;MSA Dordogne;MSA;01/01/1900;
DMSA25;MSA Franche-Comté;MSA;01/01/1900;
DMSA26;MSA Ardèche Drôme Loire;MSA;01/01/1900;
DMSA27;MSA Haute-Normandie;MSA;01/01/1900;
DMSA28;MSA Beauce Coeur de Loire;MSA;01/01/1900;
DMSA32;MSA Midi-Pyrénées Sud;MSA;01/01/1900;
DMSA33;MSA Gironde;MSA;01/01/1900;
DMSA35;MSA Portes de Bretagne;MSA;01/01/1900;
DMSA41;MSA Berry-Touraine;MSA;01/01/1900;
DMSA48;MSA Languedoc;MSA;01/01/1900;
DMSA49;MSA Maine-et-Loire;MSA;01/01/1900;
DMSA51;MSA Marne-Ardennes-Meuse;MSA;01/01/1900;
DMSA52;MSA Sud Champagne;MSA;01/01/1900;
DMSA54;MSA Lorraine;MSA;01/01/1900;
DMSA59;MSA Nord - Pas-de-Calais;MSA;01/01/1900;
DMSA63;MSA Auvergne;MSA;01/01/1900;
DMSA64;MSA Sud Aquitaine;MSA;01/01/1900;
DMSA68;MSA Alsace;MSA;01/01/1900;
DMSA69;MSA Ain-Rhône;MSA;01/01/1900;
DMSA72;MSA Mayenne-Orne-Sarthe;MSA;01/01/1900;
DMSA73;MSA Alpes du Nord;MSA;01/01/1900;
DMSA75;MSA Ile-de-France;MSA;01/01/1900;
DMSA77;CPS St Barthélémy;MSA;01/01/1900;
DMSA80;MSA Picardie;MSA;01/01/1900;
DMSA84;MSA Alpes Vaucluse;MSA;01/01/1900;
DMSA85;MSA Loire-Atlantique Vendée;MSA;01/01/1900;
DMSA86;MSA Sèvres-Vienne;MSA;01/01/1900;
DMSA87;MSA Limousin;MSA;01/01/1900;
75357004300012;Urssaf Alsace;URS;01/01/1900;
78877877700011;Urssaf Aquitaine;URS;01/01/1900;
53513821800016;Urssaf Auvergne;URS;01/01/1900;
79471473300019;Urssaf Bourgogne;URS;01/01/1900;
75375957000108;Urssaf Bretagne;URS;01/11/2022;
79512003900107;Urssaf Centre-Val de Loire;URS;24/01/2021;
79512003900081;Urssaf Centre-Val de Loire-Adhésion en lieu unique et GE;URS;01/01/1900;
75285582500010;Urssaf Champagne-Ardenne;URS;01/01/1900;
78299314100038;Urssaf Corse;URS;01/01/1900;
79507010100071;Urssaf Franche-Comté;URS;24/01/2021;
78861779300013;Urssaf Ile-de-France;URS;01/01/1900;
75366412700077;Urssaf Languedoc-Roussillon;URS;24/01/2021;
75391952100017;Urssaf Limousin;URS;01/01/1900;
75333448100060;Urssaf Lorraine;URS;01/11/2024;
53514650000017;Urssaf Midi-Pyrénées;URS;01/01/1900;
53514650090018;Urssaf Midi-Pyrénées-TGE;URS;01/01/1900;
75367340900011;Urssaf Nord-Pas-de-Calais;URS;01/01/1900;
78366205990022;Urssaf Nord-Pas-de-Calais-TGE;URS;01/01/1900;
90209799700016;Urssaf Normandie;URS;01/12/2021;
53510475600015;Urssaf Pays de la Loire;URS;01/01/1900;
75366327700014;Urssaf Picardie;URS;01/01/1900;
75364415200013;Urssaf Poitou-Charentes;URS;01/01/1900;
75364415200039;Urssaf Marins du commerce;URS;01/01/1900;
79448723100019;Urssaf Provence-Alpes-Côte d'Azur;URS;01/01/1900;
79484650100011;Urssaf Rhône-Alpes;URS;01/01/1900;
79484650190011;Urssaf Rhône-Alpes-Gestion TGE/GE;URS;01/01/1900;
31457202500307;CGSS de Guadeloupe;URS;01/10/2021;
31402496900029;CGSS de Martinique;URS;01/01/1900;
31519076900028;CGSS de Guyane;URS;01/01/1900;
31463548300014;CGSS de la Réunion;URS;01/01/1900;
47928171900035;CSS de Mayotte;URS;01/10/2021;
DGFIP;DGFIP;FIP;01/01/1900;
13000548100010;Pôle Emploi;PEM;01/01/1900;
78427591900040;Caisse Nationale des Barreaux Français;CNB;01/01/1900;