code;libellé;25/09/2024
AD;ANDORRE
AE;EMIRATS ARABES UNIS
AF;AFGHANISTAN
AG;ANTIGUA-ET-BARBUDA
AI;ANGUILLA
AL;ALBANIE
AM;ARMENIE
AN;ANTILLES NEERLANDAISES LES
AO;ANGOLA
AQ;ANTARCTIQUE
AR;ARGENTINE
AS;SAMOA AMERICAINES
AT;AUTRICHE
AU;AUSTRALIE
AW;ARUBA
AX;ALAND ILES
AZ;AZERBAIDJAN
BA;BOSNIE-HERZEGOVINE
BB;BARBADE
BD;BANGLADESH
BE;BELGIQUE
BF;BURKINA FASO
BG;BULGARIE
BH;BAHREIN
BI;BURUNDI
BJ;BENIN
BM;BERMUDES
BN;BRUNEI DARUSSALAM
BO;BOLIVIE ETAT PLURINATIONAL DE
BQ;BONAIRE SAINT-EUSTACHE ET SABA
BR;BRESIL
BS;BAHAMAS
BT;BHOUTAN
BU;BIRMANIE
BV;BOUVET ILE
BW;BOTSWANA
BY;BELARUS
BZ;BELIZE
CA;CANADA
CC;COCOS (KEELING) ILES
CD;CONGO REPUBLIQUE DEMOCRATIQUE DU
CF;CENTRAFRICAINE REPUBLIQUE
CG;CONGO
CH;SUISSE
CI;COTE D'IVOIRE
CK;COOK ILES
CL;CHILI
CM;CAMEROUN
CN;CHINE
CO;COLOMBIE
CR;COSTA RICA
CS;TCHECOSLOVAQUIE
CT;CANTON ET ENDERBURY ILES
CU;CUBA
CV;CABO VERDE
CW;CURACAO
CX;CHRISTMAS ILE
CY;CHYPRE
CZ;TCHEQUIE LA
DD;ALLEMANDE REPUBLIQUE DEMOCRATIQUE
DE;ALLEMAGNE
DJ;DJIBOUTI
DK;DANEMARK
DM;DOMINIQUE
DO;DOMINICAINE REPUBLIQUE
DY;DAHOMEY
DZ;ALGERIE
EC;EQUATEUR
EE;ESTONIE
EG;EGYPTE
EH;SAHARA OCCIDENTAL
ER;ERYTHREE
ES;ESPAGNE
ET;ETHIOPIE
FI;FINLANDE
FJ;FIDJI
FK;FALKLAND ILES MALVINAS
FM;MICRONESIE ETATS FEDERES DE
FO;FEROE ILES
FQ;AUSTRALES ET ANTARCTIQUES FRANCAISES TERRES
GA;GABON
GB;ROYAUME-UNI DE GRANDE-BRETAGNE ET D'IRLANDE DU NORD
GD;GRENADE
GE;GEORGIE
GG;GUERNESEY
GH;GHANA
GI;GIBRALTAR
GL;GROENLAND
GM;GAMBIE
GN;GUINEE
GQ;GUINEE EQUATORIALE
GR;GRECE
GS;GEORGIE DU SUD-ET-LES ILES SANDWICH DU SUD
GT;GUATEMALA
GU;GUAM
GW;GUINEE-BISSAU
GY;GUYANA
HK;HONG KONG
HM;HEARD-ET-ILES MACDONALD ILE
HN;HONDURAS
HR;CROATIE
HT;HAITI
HU;HONGRIE
HV;HAUTE-VOLTA
ID;INDONESIE
IE;IRLANDE
IL;ISRAEL
IM;ILE DE MAN
IN;INDE
IO;OCEAN INDIEN TERRITOIRE BRITANNIQUE DE L
IQ;IRAQ
IR;IRAN REPUBLIQUE ISLAMIQUE D
IS;ISLANDE
IT;ITALIE
JE;JERSEY
JM;JAMAIQUE
JO;JORDANIE
JP;JAPON
JT;JOHNSTON ILE
KE;KENYA
KG;KIRGHIZISTAN
KH;CAMBODGE
KI;KIRIBATI
KM;COMORES
KN;SAINT-KITTS-ET-NEVIS
KP;COREE REPUBLIQUE POPULAIRE DEMOCRATIQUE DE
KR;COREE REPUBLIQUE DE
KW;KOWEIT
KY;CAIMANS ILES
KZ;KAZAKHSTAN
LA;LAO REPUBLIQUE DEMOCRATIQUE POPULAIRE
LB;LIBAN
LC;SAINTE-LUCIE
LI;LIECHTENSTEIN
LK;SRI LANKA
LR;LIBERIA
LS;LESOTHO
LT;LITUANIE
LU;LUXEMBOURG
LV;LETTONIE
LY;LIBYE
MA;MAROC
MD;MOLDOVA REPUBLIQUE DE
ME;MONTENEGRO
MG;MADAGASCAR
MH;MARSHALL ILES
MI;MIDWAY ILES
MK;MACEDOINE DU NORD
ML;MALI
MM;MYANMAR
MN;MONGOLIE
MO;MACAO
MP;MARIANNES DU NORD ILES
MR;MAURITANIE
MS;MONTSERRAT
MT;MALTE
MU;MAURICE
MV;MALDIVES
MW;MALAWI
MX;MEXIQUE
MY;MALAISIE
MZ;MOZAMBIQUE
NA;NAMIBIE
NE;NIGER
NF;NORFOLK ILE
NG;NIGERIA
NH;NOUVELLES-HEBRIDES
NI;NICARAGUA
NL;PAYS-BAS
NO;NORVEGE
NP;NEPAL
NQ;TERRE DE LA REINE MAUD
NR;NAURU
NT;ZONE NEUTRE
NU;NIUE
NZ;NOUVELLE-ZELANDE
OM;OMAN
PA;PANAMA
PC;PACIFIQUE ILES DU TERRITOIRE SOUS TUTELLE
PE;PEROU
PG;PAPOUASIE-NOUVELLE-GUINEE
PH;PHILIPPINES
PK;PAKISTAN
PL;POLOGNE
PN;PITCAIRN
PR;PORTO RICO
PS;PALESTINE ETAT DE
PT;PORTUGAL
PU;PACIFIQUE DIVERSES ILES DU ETATS-UNIS
PW;PALAOS
PY;PARAGUAY
PZ;PANAMA ZONE DU CANAL DE
QA;QATAR
RH;RHODESIE DU SUD
RO;ROUMANIE
RS;SERBIE
RU;RUSSIE FEDERATION DE
RW;RWANDA
SA;ARABIE SAOUDITE
SB;SALOMON ILES
SC;SEYCHELLES
SD;SOUDAN
SE;SUEDE
SG;SINGAPOUR
SH;SAINTE-HELENE ASCENSION ET TRISTAN DA CUNHA
SI;SLOVENIE
SJ;SVALBARD ET ILE JAN MAYEN
SK;SLOVAQUIE
SL;SIERRA LEONE
SM;SAINT-MARIN
SN;SENEGAL
SO;SOMALIE
SR;SURINAME
SS;SOUDAN DU SUD
ST;SAO TOME-ET-PRINCIPE
SV;EL SALVADOR
SU;URSS
SX;SAINT-MARTIN PARTIE NEERLANDAISE
SY;SYRIENNE REPUBLIQUE ARABE
SZ;ESWATINI
TC;TURKS-ET-CAICOS ILES
TD;TCHAD
TF;TERRES AUSTRALES FRANCAISES
TG;TOGO
TH;THAILANDE
TJ;TADJIKISTAN
TK;TOKELAU
TL;TIMOR-LESTE
TM;TURKMENISTAN
TN;TUNISIE
TO;TONGA
TP;TIMOR ORIENTAL
TR;TURQUIE
TT;TRINITE-ET-TOBAGO
TV;TUVALU
TW;TAIWAN PROVINCE DE CHINE
TZ;TANZANIE REPUBLIQUE-UNIE DE
UA;UKRAINE
UG;OUGANDA
UM;ILES MINEURES ELOIGNEES DES ETATS-UNIS
US;ETATS-UNIS D'AMERIQUE
UY;URUGUAY
UZ;OUZBEKISTAN
VA;SAINT-SIEGE
VC;SAINT-VINCENT-ET-LES GRENADINES
VD;VIET-NAM REPUBLIQUE DEMOCRATIQUE DU
VE;VENEZUELA REPUBLIQUE BOLIVARIENNE DU
VG;ILES VIERGES BRITANNIQUES
VI;ILES VIERGES DES ETATS-UNIS
VN;VIET NAM
VU;VANUATU
WK;WAKE ILE DE
WS;SAMOA
XK;KOSOVO
YD;YEMEN DEMOCRATIQUE
YE;YEMEN
YU;YOUGOSLAVIE
ZA;AFRIQUE DU SUD
ZM;ZAMBIE
ZR;ZAIRE
ZW;ZIMBABWE