code;libellé;date de début de validité;date de fin de validité;21/11/2024
ACC010;ACCESSOIRISTE;01/01/2000;
ACC011;CHEF ACCESSOIRISTE;01/01/2000;
ACC012;ASSISTANT ACCESSOIRISTE;01/01/2000;
ACC013;ACCESSOIRISTE ADJOINT;01/01/2000;
ACC015;ACCESSOIRISTE SPECIALISE;01/01/2000;12/10/2020
ACC030;ACCESSOIRISTE VOLUME;01/01/2000;
ACC040;ACCOMPAGNATEUR-REPETITEUR;01/01/2000;
ACC050;ACCORDEONISTE;01/01/2000;
ACC060;ACCROCHEUR;01/01/2000;
ACC061;CHEF ACCROCHEUR;01/01/2000;
ACC062;ASSISTANT ACCROCHEUR;01/01/2000;
ACC063;ACCROCHEUR ADJOINT;01/01/2000;
ACC070;ACCOMPAGNATEUR PIANO;01/01/2000;
ACC086;ACCESSOIRISTE DE DECOR CINEMA;01/01/2000;
ACC096;ACCESSOIRISTE DE PLATEAU CINEMA;01/01/2000;
ACC100;ACCROCHEUR-RIGGER;01/01/2000;
ACR010;ACROBATE;01/01/2000;
ACT010;ACTEUR;01/01/2000;
ACT020;ACTEUR DE COMPLEMENT;01/01/2000;
ACT030;ACTEUR DE SYNCHRONISATION;01/01/2000;
ADA010;ADAPTATEUR;01/01/2000;
ADJ010;ADJOINT AU PRODUCTEUR;01/01/2000;
ADJ020;ADJOINT AU PRODUCTEUR ARTISTIQUE;01/01/2000;
ADM016;ADMINISTRATEUR ADJOINT COMPTABLE CINEMA;01/01/2000;
ADM020;ADMINISTRATEUR DE PRODUCTION;01/01/2000;
ADM021;CHEF ADMINISTRATEUR DE PRODUCTION;01/01/2000;
ADM022;ASSISTANT ADMINISTRATEUR DE PRODUCTION;01/01/2000;
ADM023;ADMINISTRATEUR DE PRODUCTION ADJOINT;01/01/2000;
ADM025;ADMINISTRATEUR DE PRODUCTION SPECIALISE;01/01/2000;12/10/2020
ADM026;ADMINISTRATEUR DE PRODUCTION CINEMA;01/01/2000;
ADM030;ADMINISTRATEUR DE TOURNEE;01/01/2000;
ADM031;CHEF ADMINISTRATEUR DE TOURNEE;01/01/2000;
ADM032;ASSISTANT ADMINISTRATEUR DE TOURNEE;01/01/2000;
ADM033;ADMINISTRATEUR DE TOURNEE ADJOINT;01/01/2000;
ADM040;ADMINISTRATEUR SYSTEME ET RESEAU;01/01/2000;
AGE040;AGENT DE DUPLICATION AV;01/01/2000;21/10/2017
AGE050;AGENT DE MAINTENANCE;01/01/2000;
AID010;AIDE DE PLATEAU;01/01/2000;
AID020;AIDE COSTUMIERE;01/01/2000;
AID030;AIDE DE SCENE;01/01/2000;
AID040;AIDE DECORS;01/01/2000;
AID050;AIDE LUMIERE;01/01/2000;
AID060;AIDE SON;01/01/2000;
AID070;AIDE VIDEO;01/01/2000;
ALT010;ALTO;01/01/2000;
ANI010;ANIMATEUR;01/01/2000;
ANI030;ANIMATEUR D'EMISSION;01/01/2000;12/10/2020
ANI040;ANIMATEUR FEUILLE D'EXPOSITION;01/01/2000;
ANI060;ANIMATEUR VOLUME;01/01/2000;
ANI070;ANIMATRONICIEN;01/01/2000;
ANI076;ANIMATRONICIEN CINEMA;01/01/2000;
ANI080;ANIMATEUR TECHNICIEN REALISATEUR;01/01/2000;
ANI090;ANIMATEUR VOCALE;01/01/2000;
ANI100;ANIMATEUR CHANT;01/01/2000;
ANI110;ANIMATEUR DE RUE;01/01/2000;
ANI120;ANIMATEUR (VIDEOGRAMMES D'ANIMATION);01/01/2000;
ANN010;ANNONCEUR;01/01/2000;
ANT010;ANTIPODISTE;01/01/2000;
ARA010;ARRANGEUR-ORCHESTRATEUR;01/01/2000;
ARA020;ARRANGEUR MUSICAL;01/01/2000;
ARC010;ARCHITECTE DECORATEUR;01/01/2000;
ARC011;CHEF ARCHITECTE DECORATEUR;01/01/2000;
ARC012;ASSISTANT ARCHITECTE DECORATEUR;01/01/2000;
ARC013;ARCHITECTE DECORATEUR ADJOINT;01/01/2000;
ARM010;ARMURIER;01/01/2000;
ARM011;CHEF ARMURIER;01/01/2000;
ARM012;ASSISTANT ARMURIER;01/01/2000;
ARM013;ARMURIER ADJOINT;01/01/2000;
ART010;ARTIFICIER;01/01/2000;
ART011;CHEF ARTIFICIER;01/01/2000;
ART012;ASSISTANT ARTIFICIER;01/01/2000;
ART013;ARTIFICIER ADJOINT;01/01/2000;
ART020;ARTISTE;01/01/2000;
ART030;ARTISTE CHANTEUR;01/01/2000;
ART040;ARTISTE CHOREGRAPHIQUE / DE CHOREGRAPHIE;01/01/2000;
ART050;ARTISTE DE CABARET;01/01/2000;
ART060;ARTISTE DE CIRQUE;01/01/2000;
ART070;ARTISTE DE COMPLEMENT;01/01/2000;
ART080;ARTISTE DE REVUE;01/01/2000;
ART090;ARTISTE DE RUE;01/01/2000;
ART100;ARTISTE DU SPECTACLE;01/01/2000;
ART110;ARTISTE DE VARIETES;01/01/2000;
ART120;ARTISTE DRAMATIQUE;01/01/2000;
ART130;ARTISTE DRAMATIQUE DE VARIETES;01/01/2000;
ART140;ARTISTE DU CHANT;01/01/2000;
ART150;ARTISTE DU MUSIC-HALL;01/01/2000;
ART160;ARTISTE LYRIQUE;01/01/2000;
ART170;ARTISTE MUSICIEN;01/01/2000;
ART190;ARTISTE VISUEL;01/01/2000;
ART200;ARTISTE INTERPRETE;01/01/2000;
ART210;ARTISTE ACTION;01/01/2000;
ART220;ARTISTE BRUITEUR;01/01/2000;
ART230;ARTISTE CINEMATOGRAPHIQUE;01/01/2000;
ART240;ARTISTE CONCEPTEUR;01/01/2000;
ART250;ARTISTE DE BALLET;01/01/2000;
ART260;ARTISTE ETIQUETTE;01/01/2000;
ART270;ARTISTE FAUCONNIER;01/01/2000;
ART280;ARTISTE HUMORISTE;01/01/2000;
ART290;ARTISTE INSTRUMENTISTE;01/01/2000;
ART300;ARTISTE SLAM;01/01/2000;
ART310;ARTISTE VOCAL;01/01/2000;
ART320;ARTISTE REPETITION;01/01/2000;
ART330;ARTISTE INVITE;01/01/2000;
ASS030;ASSISTANT ACCESSOIRISTE VOLUME;01/01/2000;
ASS040;ASSISTANT ANIMATEUR;01/01/2000;
ASS050;ASSISTANT ANIMATEUR VOLUME;01/01/2000;
ASS070;ASSISTANT CADREUR;01/01/2000;
ASS080;ASSISTANT CAMERAMAN;01/01/2000;
ASS090;ASSISTANT COIFFEUR;01/01/2000;
ASS110;ASSISTANT DE PLATEAU;01/01/2000;
ASS130;ASSISTANT DE POST-PRODUCTION;01/01/2000;
ASS140;ASSISTANT DE PRODUCTION;01/01/2000;
ASS145;ASSISTANT DE PRODUCTION SPECIALISE;01/01/2000;12/10/2020
ASS150;ASSISTANT DE PRODUCTION ADJOINT;01/01/2000;
ASS170;ASSISTANT DECORATEUR;01/01/2000;
ASS180;ASSISTANT DECORATEUR VOLUME;01/01/2000;
ASS200;ASSISTANT DESSINATEUR D'ANIMATION;01/01/2000;12/10/2020
ASS240;ASSISTANT SON;01/01/2000;
ASS250;ASSISTANT INFOGRAPHISTE DE MODELISATION;01/01/2000;
ASS270;ASSISTANT INFOGRAPHISTE LAY-OUT;01/01/2000;
ASS280;ASSIST INFOGRAPHISTE RENDU ET ECLAIRAGE;01/01/2000;
ASS290;ASSISTANT DESSINATEUR LAY-OUT;01/01/2000;12/10/2020
ASS310;ASSISTANT MONTEUR;01/01/2000;
ASS315;ASSISTANT MONTEUR SPECIALISE;01/01/2000;12/10/2020
ASS320;ASSISTANT MONTEUR ADJOINT;01/01/2000;
ASS340;ASSISTANT MOULAGE;01/01/2000;12/10/2020
ASS360;ASSISTANT OPERATEUR COMPOSITING;01/01/2000;12/10/2020
ASS390;ASSISTANT OPERATEUR VOLUME;01/01/2000;
ASS400;ASSISTANT OPV;01/01/2000;
ASS410;ASSISTANT OPV ADJOINT;01/01/2000;
ASS420;ASSISTANT PLASTICIEN VOLUME;01/01/2000;
ASS430;ASSISTANT REALISATEUR;01/01/2000;
ASS440;ASSISTANT REALISATEUR ADJOINT;01/01/2000;
ASS450;ASSISTANT REGISSEUR;01/01/2000;
ASS460;ASSISTANT REGISSEUR ADJOINT;01/01/2000;
ASS470;ASSISTANT SON ADJOINT;01/01/2000;
ASS490;ASSISTANT STORYBOARDER;01/01/2000;
ASS520;ASSISTANT SCRIPTE ADJOINTE;01/01/2000;
ASS526;ASSISTANT SCRIPTE CINEMA;01/01/2000;
ASS530;ASSISTANT ARTISTIQUE;01/01/2000;
ASS550;ASSISTANT CONSTRUCTEUR DE DECORS;01/01/2000;
ASS560;ASSISTANT CONSTRUCTEUR DE MACHINERIE;01/01/2000;
ASS570;ASSISTANT COORDINATEUR LINGUISTIQUE;01/01/2000;
ASS590;ASSISTANT D'EMISSION;01/01/2000;
ASS600;ASSISTANT D'EXPLOITATION AV;01/01/2000;
ASS610;ASSISTANT D'EXPLOITATION EN PRODUCTION;01/01/2000;21/10/2017
ASS620;ASSISTANT DE PLATEAU AV;01/01/2000;
ASS630;ASSISTANT DE PRODUCTION AV;01/01/2000;
ASS640;ASSISTANT DIRECTEUR ARTISTIQUE;01/01/2000;
ASS660;ASSISTANT ETALONNEUR NUMERIQUE;01/01/2000;
ASS670;ASSISTANT INFOGRAPHISTE 2D;01/01/2000;12/10/2020
ASS680;ASSIST INFOGRAPH EFFETS VISUELS NUMERIQ;01/01/2000;
ASS690;ASSISTANT LUMIERE;01/01/2000;
ASS710;ASSISTANT MONTEUR AV;01/01/2000;
ASS720;ASSISTANT OPERATEUR TRANSFERT DE DONNEES;01/01/2000;12/10/2020
ASS730;ASSISTANT SONORISATEUR;01/01/2000;
ASS750;ASSISTANT TECHNICIEN DE SCENE;01/01/2000;
ASS760;ASSISTANT TECHNICIEN REALISATEUR;01/01/2000;
ASS780;ASSIST DIRECTEUR DISTRIBUTION ARTISTIQUE;01/01/2000;
ASS790;ASSISTANT DU STYLISTE;01/01/2000;
ASS800;ASSISTANT ENSEMBLIER;01/01/2000;
ASS810;ASSISTANT DU CHEF D'ORCHESTRE;01/01/2000;
ASS820;CHEF DE CHOEUR ASSISTANT;01/01/2000;
ASS830;ASSISTANT DECORATEUR ADJOINT;01/01/2000;
ASS840;ASSISTANT DIRECTEUR PRODUCTION ARTISTIQU;01/01/2000;
ASS856;ASSISTANT AU CHARGE FIGURATION CINEMA;01/01/2000;
ASS860;ASSISTANT BRUITEUR;01/01/2000;
ASS876;ASSISTANT COMPTABLE DE PRODUCTION CINEMA;01/01/2000;
ASS886;ASSISTANT EFFETS PHYSIQUES CINEMA;01/01/2000;
ASS896;ASSISTANT MIXEUR CINEMA;01/01/2000;
ASS906;ASSISTANT OPERATEUR DU SON CINEMA;01/01/2000;
ASS910;ASSISTANT CHAPELIER MODISTE;01/01/2000;
ASS920;ASSISTANT DIRECTEUR DECORATEUR;01/01/2000;
ASS930;ASSISTANT MEDIA SERVEUR;01/01/2000;
ASS940;ASSISTANT METALLIER;01/01/2000;
ASS950;ASSIST PUPITREUR MOTORISATION ASSERVIE;01/01/2000;
ASS960;ASSISTANT SCULPTEUR;01/01/2000;
ASS970;ASSISTANT TAPISSIER;01/01/2000;
ASS980;ASSISTANT D EXPLOITATION AV ET NUMERIQUE;01/01/2000;
ASS990;ASSISTANT D EXPLOITATION NUMERIQUE;01/01/2000;
AST010;ASSISTANT DE TOURNAGE;01/01/2000;
AST020;ASSISTANT ETALONNEUR;01/01/2000;
AST030;ASSISTANT VIDEO;01/01/2000;
AST040;ASSISTANT DESSINATEUR;12/10/2020;
AST050;ASSISTANT INFOGRAPHISTE COMPOSITING;12/10/2020;
AST060;ASSISTANT INFOGRAPHISTE EFFETS DYNAMIQUE;12/10/2020;
AST070;ASSISTANT INFOGRAPHISTE MATTE PAINTER;12/10/2020;
AST080;ASSISTANT INFOGRAPHISTE PIPELINE;12/10/2020;
AST090;ASSISTANT INFOGRAPHISTE RIGGING;12/10/2020;
AST100;ASSISTANT INFOGRAPHISTE SET UP;12/10/2020;
AST110;ASSISTANT INFOGRAPHISTE SIMULATIONS;12/10/2020;
AST120;ASSISTANT INFOGRAPHISTE TECHNIQUE;12/10/2020;
AST130;ASSIST INFOGRAPHISTE TEXTURES ET SHADING;12/10/2020;
AST140;ASSISTANT LASER;12/10/2020;
AST150;ASSISTANT MECANICIEN VOLUME;12/10/2020;
AST160;ASSISTANT MONTEUR ANIMATIQUE;12/10/2020;
AST170;ASSISTANT MONTEUR D'IMAGE;12/10/2020;
AST180;ASSISTANT MONTEUR SON CINEMA ;12/10/2020;
AST190;ASSISTANT MOULEUR VOLUME;12/10/2020;
AST200;ASSISTANT OPERATEUR CAPTURE MOUVEMENT;12/10/2020;
AST210;ASSISTANT OPERATEUR HEADCAM;12/10/2020;
AST220;ASSISTANT OPERATEUR RETOUCHE TEMPS REEL;12/10/2020;
AST230;ASSIST OPERATEUR TRAITEMENT ET INTEGRA;12/10/2020;
AST240;ASSISTANT SCULPTEUR 3D;12/10/2020;
AST250;ASSISTANT STEREOGRAPHE;12/10/2020;
AST260;ASSISTANT TECHNIQUE WEB;12/10/2020;
ATT010;ATTACHE DE PRODUCTION;01/01/2000;
ATT011;CHEF ATTACHE DE PRODUCTION;01/01/2000;
ATT012;ASSISTANT ATTACHE DE PRODUCTION;01/01/2000;
ATT013;ATTACHE DE PRODUCTION ADJOINT;01/01/2000;
AUD010;AUDIO DESCRIPTEUR;01/01/2000;
AUT010;AUTEUR COMPOSITEUR INTERPRETE;01/01/2000;
AUT020;AUTOMATE;01/01/2000;
AUX016;AUXILIAIRE A LA REALISATION CINEMA;01/01/2000;
AUX026;AUXILIAIRE A LA REGIE CINEMA;01/01/2000;
AYU010;AYUDA;01/01/2000;
BAC010;BACKLINER;01/01/2000;
BAC011;CHEF BACKLINER;01/01/2000;
BAN010;BANDERILLERO;01/01/2000;
BAR010;BARYTON;01/01/2000;
BAS010;BASSISTE;01/01/2000;
BAS020;BASSONISTE;01/01/2000;
BAT010;BATTEUR;01/01/2000;
BLO010;BLOCKEUR;01/01/2000;
BOI010;BOIS;01/01/2000;
BOL010;BOLAS;01/01/2000;
BOL020;BOLEADORAS;01/01/2000;
BOT010;BOTTIER;01/01/2000;
BOT011;CHEF BOTTIER;01/01/2000;
BOT012;ASSISTANT BOTTIER;01/01/2000;
BOT013;BOTTIER ADJOINT;01/01/2000;
BOX010;BOXEUR;01/01/2000;
BRU010;BRUITEUR;01/01/2000;
BRU020;BRUITEUR DE COMPLEMENT;01/01/2000;
CAD010;CADREUR;01/01/2000;
CAD011;CHEF CADREUR;01/01/2000;
CAD013;CADREUR ADJOINT;01/01/2000;
CAD014;CADREUR SPECIALISE CINEMA;01/01/2000;
CAD015;CADREUR SPECIALISE;01/01/2000;12/10/2020
CAD016;CADREUR CINEMA;01/01/2000;
CAD020;CADREUR D'ANIMATION;01/01/2000;12/10/2020
CAD040;CADREUR AV;01/01/2000;
CAD050;CADREUR SV;01/01/2000;
CAL010;CALLIGRAPHE;01/01/2000;21/10/2017
CAM010;CAMERAMAN;01/01/2000;
CAM011;CHEF CAMERAMAN;01/01/2000;
CAN010;CANTATRICE;01/01/2000;
CAR010;CARICATURISTE;01/01/2000;
CAR020;CARISTE DE SPECTACLES;01/01/2000;
CAR021;CHEF CARISTE DE SPECTACLES;01/01/2000;
CAR022;ASSISTANT CARISTE DE SPECTACLES;01/01/2000;
CAR023;CARISTE DE SPECTACLES ADJOINT;01/01/2000;
CAS010;CASCADEUR;01/01/2000;
CAT010;CATCHEUR;01/01/2000;
CAV010;CAVALIER;01/01/2000;
CHA010;CHANSONNIER;01/01/2000;
CHA020;CHANTEUR;01/01/2000;
CHA030;CHANTEUR DE VARIETES;01/01/2000;
CHA040;CHANTEUR MUSICIEN;01/01/2000;
CHA050;CHANTEUR SOLISTE;01/01/2000;
CHA060;CHAPELIER;01/01/2000;
CHA061;CHEF CHAPELIER;01/01/2000;
CHA062;ASSISTANT CHAPELIER;01/01/2000;
CHA063;CHAPELIER ADJOINT;01/01/2000;
CHA070;CHARGE DE POST-PRODUCTION;01/01/2000;
CHA080;CHARGE DE PRODUCTION;01/01/2000;
CHA081;CHEF CHARGE DE PRODUCTION;01/01/2000;
CHA082;ASSISTANT CHARGE DE PRODUCTION;01/01/2000;
CHA083;CHARGE DE PRODUCTION ADJOINT;01/01/2000;
CHA100;CHAUFFEUR DE PRODUCTION;01/01/2000;
CHA110;CHARGE D'ENCADREMENT DE PRODUCTION;01/01/2000;
CHA120;CHARGE DE PRODUCTION AV;01/01/2000;
CHA140;CHAUFFEUR;01/01/2000;
CHA150;CHAUFFEUR DE SALLE;01/01/2000;
CHA160;CHANTEUR LYRIQUE;01/01/2000;
CHA170;CHARGE D'ENQUETE;01/01/2000;
CHA180;CHARGE DE RECHERCHE;01/01/2000;
CHA190;CHARGE DE SELECTION;01/01/2000;
CHA206;CHARGE DE LA FIGURATION CINEMA;01/01/2000;
CHA210;CHAPELIER MODISTE;01/01/2000;
CHA220;CHARGE ARTISTIQUE;01/01/2000;
CHA230;CHARGE D EXPLOITATION AV;01/01/2000;
CHA240;CHARGE D EXPLOITATION AV ET NUMERIQUE;01/01/2000;
CHA250;CHARGE D EXPLOITATION NUMERIQUE;01/01/2000;
CHA260;CHARGE DE COORDINATION LINGUISTIQUE;01/01/2000;
CHE010;CHEF ACCESSOIRISTE VOLUME;01/01/2000;12/10/2020
CHE020;CHEF ANIMATEUR;01/01/2000;12/10/2020
CHE030;CHEF ANIMATEUR VOLUME;01/01/2000;12/10/2020
CHE040;CHEF ASSISTANT;01/01/2000;12/10/2020
CHE050;CHEF COIFFEUR PERRUQUIER;01/01/2000;
CHE060;CHEF COMPOSITING;01/01/2000;12/10/2020
CHE070;CHEF CONSTRUCTEUR;01/01/2000;
CHE076;CHEF CONSTRUCTEUR CINEMA;01/01/2000;
CHE080;CHEF COSTUMIER;01/01/2000;
CHE085;CHEF COSTUMIER SPECIALISE;01/01/2000;12/10/2020
CHE086;CHEF COSTUMIER CINEMA;01/01/2000;
CHE100;CHEF DE PLATEAU;01/01/2000;
CHE120;CHEF DE PRODUCTION;01/01/2000;
CHE150;CHEF DECORATEUR;01/01/2000;
CHE155;CHEF DECORATEUR SPECIALISE;01/01/2000;12/10/2020
CHE156;CHEF DECORATEUR CINEMA;01/01/2000;
CHE160;CHEF DECORATEUR VOLUME;01/01/2000;12/10/2020
CHE170;CHEF DES CHOEURS;01/01/2000;
CHE180;CHEF DESSINATEUR D'ANIMATION;01/01/2000;12/10/2020
CHE190;CHEF D'ORCHESTRE;01/01/2000;
CHE200;CHEF ECLAIRAGISTE;01/01/2000;
CHE210;CHEF ELECTRICIEN;01/01/2000;
CHE230;CHEF FEUILLE D'EXPOSITION;01/01/2000;12/10/2020
CHE260;CHEF LAY-OUT;01/01/2000;12/10/2020
CHE270;CHEF MACHINISTE;01/01/2000;
CHE280;CHEF MAQUILLEUR;01/01/2000;
CHE285;CHEF MAQUILLEUR SPECIALISE;01/01/2000;12/10/2020
CHE286;CHEF MAQUILLEUR CINEMA;01/01/2000;
CHE290;CHEF MAQUILLEUR POSTICHEUR;01/01/2000;
CHE300;CHEF MENUISIER;01/01/2000;
CHE310;CHEF MODELES COULEUR;01/01/2000;
CHE320;CHEF MONTEUR;01/01/2000;
CHE325;CHEF MONTEUR SPECIALISE;01/01/2000;12/10/2020
CHE326;CHEF MONTEUR CINEMA;01/01/2000;
CHE340;CHEF MOULAGE;01/01/2000;12/10/2020
CHE350;CHEF OPERATEUR;01/01/2000;
CHE352;ASSISTANT CHEF OPERATEUR;01/01/2000;
CHE353;CHEF OPERATEUR ADJOINT;01/01/2000;
CHE370;CHEF OPS / CHEF OPERATEUR PRISE DE SON;01/01/2000;
CHE375;CHEF OPS SPECIALISE;01/01/2000;12/10/2020
CHE376;CHEF OPERATEUR DE SON CINEMA;01/01/2000;
CHE400;CHEF OPERATEUR VOLUME;01/01/2000;12/10/2020
CHE410;CHEF OPV / CHEF OPERATEUR PRISE DE VUES;01/01/2000;
CHE420;CHEF PEINTRE;01/01/2000;
CHE430;CHEF PLASTICIEN VOLUME;01/01/2000;12/10/2020
CHE450;CHEF SCULPTEUR DECORATEUR;01/01/2000;
CHE456;CHEF SCULPTEUR DE DECOR CINEMA;01/01/2000;
CHE460;CHEF STAFFEUR;01/01/2000;
CHE470;CHEF STORY-BOARDER;01/01/2000;12/10/2020
CHE490;CHEF VERIFICATEUR D'ANIMATION;01/01/2000;12/10/2020
CHE510;CHEF D'ORCHESTRE SYMPHONIQUE;01/01/2000;
CHE520;CHEF CADREUR D'ANIMATION;01/01/2000;12/10/2020
CHE530;CHEF CONSTRUCTEUR (DE) DECORS;01/01/2000;
CHE550;CHEF D'ANTENNE;01/01/2000;
CHE560;CHEF D'ATELIER DECORS;01/01/2000;
CHE570;CHEF D'ATELIER LUMIERE;01/01/2000;
CHE580;CHEF D'EQUIPE;01/01/2000;12/10/2020
CHE590;CHEF D'EQUIPEMENT AV;01/01/2000;
CHE600;CHEF DE FILE;01/01/2000;
CHE610;CHEF DE PLATEAU AV;01/01/2000;
CHE620;CHEF DE PROJET MULTIMEDIA;01/01/2000;21/10/2017
CHE630;CHEF DE TIR;01/01/2000;
CHE640;CHEF ELECTRICIEN PRISE DE VUE;01/01/2000;21/10/2017
CHE646;CHEF ELECTRICIEN PRISE DE VUES CINEMA;01/01/2000;
CHE650;CHEF ETALONNEUR NUMERIQUE;01/01/2000;12/10/2020
CHE660;CHEF GRAPHISTE AV;01/01/2000;
CHE670;CHEF INFOGRAPHISTE 2D;01/01/2000;12/10/2020
CHE680;CHEF MACHINISTE AV;01/01/2000;
CHE700;CHEF MONTEUR FLUX;01/01/2000;21/10/2017
CHE710;CHEF MONTEUR TRUQUISTE;01/01/2000;
CHE720;CHEF OPERATEUR-ETALONNEUR;01/01/2000;
CHE730;CHEF OPERATEUR DE PRISES DE VUE AV;01/01/2000;
CHE740;CHEF POURSUITEUR AV;01/01/2000;21/10/2017
CHE770;CHEF TRACE-COLORISATION;01/01/2000;12/10/2020
CHE790;CHEF DE CHANT;01/01/2000;
CHE806;CHEF COIFFEUR CINEMA;01/01/2000;
CHE816;CHEF D'ATELIER COSTUMES CINEMA;01/01/2000;
CHE826;CHEF ELECTRICIEN DE CONSTRUCTION CINEMA;01/01/2000;
CHE836;CHEF MACHINISTE DE CONSTRUCTION CINEMA;01/01/2000;
CHE846;CHEF MACHINISTE PRISE DE VUES CINEMA;01/01/2000;
CHE856;CHEF MENUISIER DE DECOR CINEMA;01/01/2000;
CHE866;CHEF MONTEUR SON CINEMA;01/01/2000;
CHE876;CHEF PEINTRE DE DECOR CINEMA;01/01/2000;
CHE886;CHEF SERRURIER DE DECOR CINEMA;01/01/2000;
CHE896;CHEF STAFFEUR DE DECOR CINEMA;01/01/2000;
CHE906;CHEF TAPISSIER DE DECOR CINEMA;01/01/2000;
CHE910;CHEF CHAPELIER MODISTE;01/01/2000;
CHE920;CHEF INSTRUMENT DE MUSIQUE;01/01/2000;
CHE930;CHEF REGISSEUR MOTORISATION ASSERVIE;01/01/2000;
CHE940;CHEF SCULPTEUR;01/01/2000;
CHE950;CHEF SERRURIER METALLIER;01/01/2000;
CHE960;CHEF TAPISSIER;01/01/2000;
CHE970;CHEF DE MAINTENANCE;01/01/2000;
CHE980;CHEF ELECTRICIEN AV;01/01/2000;
CHE990;CHEF MONTEUR AV;01/01/2000;
CHF010;CHEF ASSISTANTS ANIMATEURS;12/10/2020;
CHF020;CHEF D'EQUIPE DECOR;12/10/2020;
CHO010;CHOREGRAPHE;01/01/2000;
CHO020;CHORISTE;01/01/2000;
CHR010;CHRONIQUEUR;01/01/2000;
CIN010;CINTRIER;01/01/2000;
CIN011;CHEF CINTRIER;01/01/2000;
CIN012;ASSISTANT CINTRIER;01/01/2000;
CIN013;CINTRIER ADJOINT;01/01/2000;
CLA010;CLARINETTISTE;01/01/2000;
CLA020;CLAVECINISTE;01/01/2000;
CLA030;CLAVIER;01/01/2000;
CLA050;CLARINETTE BASSE;01/01/2000;
CLO010;CLOWN;01/01/2000;
CLO020;CLOSE UP;01/01/2000;
COI010;COIFFEUR;01/01/2000;
COI011;CHEF COIFFEUR;01/01/2000;
COI013;COIFFEUR ADJOINT;01/01/2000;
COI015;COIFFEUR SPECIALISE;01/01/2000;12/10/2020
COI016;COIFFEUR CINEMA;01/01/2000;
COI020;COIFFEUR PERRUQUIER;01/01/2000;
COI025;COIFFEUR PERRUQUIER SPECIALISE;01/01/2000;12/10/2020
COL010;COLLABORATEUR ARTISTIQUE;01/01/2000;
COL020;COLLABORATEUR ARTISTIQUE DU CHOREGRAPHE;01/01/2000;
COL021;CHEF COLLABORATEUR ARTISTIQ CHOREGRAPHE;01/01/2000;
COL022;ASSIST COLLABORATEUR ARTISTIQ CHOREGRAPH;01/01/2000;
COL023;ADJOINT COLLABORATEUR ARTIST CHOREGRAPHE;01/01/2000;
COL030;COLLABORATEUR ARTISTIQ DIRECTEUR MUSICAL;01/01/2000;
COL031;CHEF COLLABO ARTISTIQ DIRECTEUR MUSICAL;01/01/2000;
COL032;ASSIST COLLABO ARTIST DIRECTEUR MUSICAL;01/01/2000;
COL033;ADJOINT COLLABO ARTIST DIRECTEUR MUSICAL;01/01/2000;
COL040;COLLABORATEUR ARTISTIQ METTEUR EN SCENE;01/01/2000;
COL041;CHEF COLLABO ARTISTIQ METTEUR EN SCENE;01/01/2000;
COL042;ASSIST COLLABO ARTISTIQ METTEUR EN SCENE;01/01/2000;
COL043;ADJOINT COLLABO ARTIST METTEUR EN SCENE;01/01/2000;
COL050;COLLABORATEUR LITTERAIRE;01/01/2000;
COL060;COLLABORATEUR SPECIALISE D'EMISSION;01/01/2000;
COL070;COLORISTE;12/10/2020;
COL090;COLORISTE MODELE;01/01/2000;12/10/2020
COL100;COLLABORATEUR DE SELECTION;01/01/2000;
COM010;COMEDIEN;01/01/2000;
COM020;COMPTABLE DE PRODUCTION;01/01/2000;
COM025;COMPTABLE DE PRODUCTION SPECIALISE;01/01/2000;12/10/2020
CON010;CONCEPTEUR DES ECLAIRAGES;01/01/2000;
CON011;CHEF CONCEPTEUR DES ECLAIRAGES;01/01/2000;
CON012;ASSISTANT CONCEPTEUR DES ECLAIRAGES;01/01/2000;
CON013;CONCEPTEUR DES ECLAIRAGES ADJOINT;01/01/2000;
CON020;CONCEPTEUR (DU) SON;01/01/2000;
CON021;CHEF CONCEPTEUR DU SON;01/01/2000;
CON022;ASSISTANT CONCEPTEUR DU SON;01/01/2000;
CON023;CONCEPTEUR DU SON ADJOINT;01/01/2000;
CON040;CONDUCTEUR DE GROUPE;01/01/2000;
CON046;CONDUCTEUR DE GROUPE CINEMA;01/01/2000;
CON050;CONFORMATEUR;01/01/2000;
CON070;CONSEILLER DE PROGRAMME;01/01/2000;
CON090;CONSEILLER TECHNIQUE;01/01/2000;
CON091;CHEF CONSEILLER TECHNIQUE;01/01/2000;
CON092;ASSISTANT CONSEILLER TECHNIQUE;01/01/2000;
CON093;CONSEILLER TECHNIQUE ADJOINT;01/01/2000;
CON100;CONSEILLER TECHNIQUE (A LA) REALISATION;01/01/2000;
CON106;CONSEILLER TECHNIQUE REALISATION CINEMA;01/01/2000;
CON110;CONSTRUCTEUR;01/01/2000;
CON120;CONSTRUCTEUR DE DECORS ET STRUCTURES;01/01/2000;
CON121;CHEF CONSTRUCTEUR DECORS ET STRUCTURES;01/01/2000;
CON122;ASSIST CONSTRUCTEUR DECORS ET STRUCTURES;01/01/2000;
CON123;CONSTRUCTEUR DECORS & STRUCTURES ADJOINT;01/01/2000;
CON130;CONTEUR;01/01/2000;
CON140;CONTORSIONNISTE;01/01/2000;
CON150;CONTREBASSE;01/01/2000;
CON170;CONSTRUCTEUR DE DECORS / EN DECORS;01/01/2000;
CON173;CONSTRUCTEUR DE DECORS ADJOINT;12/10/2020;
CON180;CONCEPTEUR TECHNIQUE DECOR;01/01/2000;
CON190;CONCEPTEUR TECHNIQUE MACHINERIE;01/01/2000;
CON200;CONDUCTEUR DE MOYENS MOBILES;01/01/2000;
CON210;CONSTRUCTEUR DE MACHINERIE;01/01/2000;
CON220;CONSEILLER ARTISTIQUE DE PRODUCTION;01/01/2000;
CON230;CONTRALTO;01/01/2000;
CON240;CONSEILLER ARTISTIQUE D'EMISSION;01/01/2000;
CON250;CONCEPTEUR ARTIFICIER;01/01/2000;
CON251;CHEF CONCEPTEUR ARTIFICIER;01/01/2000;
CON252;ASSISTANT CONCEPTEUR ARTIFICIER;01/01/2000;
CON253;CONCEPTEUR ARTIFICIER ADJOINT;01/01/2000;
CON260;CONCEPTEUR LUMIERE;01/01/2000;
CON261;CHEF CONCEPTEUR LUMIERE;01/01/2000;
CON262;ASSISTANT CONCEPTEUR LUMIERE;01/01/2000;
CON263;CONCEPTEUR LUMIERE ADJONT;01/01/2000;
CON270;CONSEILLER TECHNIQUE AUX EFFETS SPECIAUX;01/01/2000;12/10/2020
CON271;CHEF CONSEILLER TECHNIQ EFFETS SPECIAUX;01/01/2000;12/10/2020
CON272;ASSIST CONSEILLER TECH EFFETS SPECIAUX;01/01/2000;12/10/2020
CON273;CONSEILLER TECHNIQUE EFFETS SPECIAUX ADJ;01/01/2000;12/10/2020
CON280;CONCEPTEUR MOTORISATION ASSERVIE;01/01/2000;
CON290;CONCEPTEUR COIFFURE;12/10/2020;
CON291;CHEF CONCEPTEUR COIFFURE;12/10/2020;
CON292;ASSISTANT CONCEPTEUR COIFFURE ;12/10/2020;
CON293;CONCEPTEUR COIFFURE ADJOINT;12/10/2020;
CON300;CONCEPTEUR MAQUILLAGES ET PERRUQUES;12/10/2020;
CON301;CHEF CONCEPTEUR MAQUILLAGES ET PERRUQUES;12/10/2020;
CON302;ASSIST CONCEPTEUR MAQUILLAGES PERRUQUES;12/10/2020;
CON303;CONCEPTEUR MAQUILLAGES ET PERRUQUES ADJT;12/10/2020;
CON310;CONCEPTEUR LASER;12/10/2020;
CON320;CONCEPTEUR MAQUILLAGE;12/10/2020;
CON330;CONCEPTEUR WEB;12/10/2020;
COO010;COORDINATEUR D'ECRITURE;01/01/2000;
COO020;COORDINATEUR D'ANTENNE;01/01/2000;
COO030;COORDINATEUR DE PRODUCTION;01/01/2000;
COO040;COORDINATEUR LINGUISTIQUE;01/01/2000;
COO050;COORDINATEUR D'EMISSION;01/01/2000;
COO066;COORDINATEUR DE POST-PRODUCTION CINEMA;01/01/2000;
COO070;COORDINATEUR DIFFUSION WEB;12/10/2020;
COO080;COORDINATEUR PRODUCTION WEB;12/10/2020;
COO090;COORDINATEUR MUSICAL;12/10/2020;
COP020;COPISTE;12/10/2020;
COR010;CORDES;01/01/2000;
COR020;CORNET;01/01/2000;
COR030;CORNISTE;01/01/2000;
COR040;CORNETISTE;01/01/2000;
COR050;COR DE BASSET;01/01/2000;
COS010;COSTUMIER;01/01/2000;
COS012;ASSISTANT COSTUMIER;01/01/2000;
COS013;COSTUMIER ADJOINT;01/01/2000;
COS015;COSTUMIER SPECIALISE;01/01/2000;12/10/2020
COS016;COSTUMIER CINEMA;01/01/2000;
COU010;COUTURIER;01/01/2000;
COU011;CHEF COUTURIER;01/01/2000;
COU012;ASSISTANT COUTURIER;01/01/2000;
COU013;COUTURIER ADJOINT;01/01/2000;
COU026;COUTURIER COSTUMES CINEMA;01/01/2000;
CRE010;CREATEUR DE COSTUME;01/01/2000;
CRE015;CREATEUR DE COSTUME SPECIALISE;01/01/2000;12/10/2020
CRE016;CREATEUR DE COSTUME CINEMA;01/01/2000;
CRE020;CREATEUR D'EFFETS SONORES;01/01/2000;
CUI010;CUIVRES;01/01/2000;
DAC010;DACTYLOGRAPHE DE BANDE;01/01/2000;21/10/2017
DAN010;DANSEUR;01/01/2000;
DAN020;DANSEUR BALLET;01/01/2000;
DAN030;DANSEUR DE MUSIC HALL;01/01/2000;
DAN040;DANSEUR DE VARIETES;01/01/2000;
DAN050;DANSEUR SOLISTE;01/01/2000;
DAT010;DATA MANAGER;01/01/2000;
DEC010;DECORATEUR;01/01/2000;
DEC013;DECORATEUR ADJOINT;01/01/2000;
DEC015;DECORATEUR SPECIALISE;01/01/2000;12/10/2020
DEC030;DECORATEUR ENSEMBLIER;01/01/2000;
DEC050;DECORATEUR PEINTRE;01/01/2000;
DEC055;DECORATEUR PEINTRE SPECIALISE;01/01/2000;12/10/2020
DEC060;DECORATEUR TAPISSIER;01/01/2000;
DEC065;DECORATEUR TAPISSIER SPECIALISE;01/01/2000;12/10/2020
DEC070;DECORATEUR VOLUME;01/01/2000;
DES010;DESSINATEUR ARTISTIQUE;01/01/2000;
DES020;DESSINATEUR D'ANIMATION;01/01/2000;
DES030;DESSINATEUR EN DECOR;01/01/2000;
DES035;DESSINATEUR EN DECOR SPECIALISE;01/01/2000;12/10/2020
DES040;DESSINATEUR LAY-OUT;01/01/2000;
DES050;DESSINATEUR EN GENERIQUE;01/01/2000;
DES060;DESIGNER LUMIERE;01/01/2000;
DES070;DESIGNER SON;01/01/2000;
DES080;DESIGNER;12/10/2020;
DES090;DESIGNER LASER;12/10/2020;
DES100;DESIGNER WEB;12/10/2020;
DET010;DETECTEUR;01/01/2000;
DET020;DETECTEUR D'ANIMATION;01/01/2000;
DEU010;2EME ASSISTANT DECORATEUR;01/01/2000;
DEU015;2EME ASSISTANT DECORATEUR SPECIALISE;01/01/2000;12/10/2020
DEU016;2EME ASSISTANT DECORATEUR CINEMA;01/01/2000;
DEU020;2EME ASSISTANT OPV;01/01/2000;
DEU025;2EME ASSISTANT OPV SPECIALISE;01/01/2000;12/10/2020
DEU026;2EME ASSISTANT OPERATEUR CINEMA;01/01/2000;
DEU030;2EME ASSISTANT REALISATEUR;01/01/2000;
DEU035;2EME ASSISTANT REALISATEUR SPECIALISE;01/01/2000;12/10/2020
DEU036;2ND ASSISTANT REALISATEUR CINEMA;01/01/2000;
DEU050;2EME ASSISTANT DE REALISATION AV;01/01/2000;21/10/2017
DEU060;2ND ASSISTANT DECORS;01/01/2000;21/10/2017
DEU070;2EME ASSISTANT SON;01/01/2000;
DEU080;2EME ASSISTANT CADREUR;01/01/2000;
DEU090;2EME ASSISTANT CAMERAMAN;01/01/2000;
DEU106;2EME ASSISTANT MONTEUR CINEMA;01/01/2000;
DIR010;DIRECTEUR ANIMATION;01/01/2000;
DIR020;DIRECTEUR ARTISTIQUE;01/01/2000;
DIR023;DIRECTEUR ARTISTIQUE ADJOINT;12/10/2020;
DIR030;DIRECTEUR COMPOSITING;01/01/2000;
DIR040;DIRECTEUR CASTING;01/01/2000;
DIR050;DIRECTEUR DE COLLECTION;01/01/2000;
DIR060;DIRECTEUR DES DIALOGUES;01/01/2000;
DIR070;DIRECTEUR DE LA DISTRIBUTION;01/01/2000;
DIR075;DIRECTEUR DE LA DISTRIBUTION SPECIALISE;01/01/2000;12/10/2020
DIR080;DIRECTEUR DE LA DISTRIBUTION ARTISTIQUE;01/01/2000;
DIR090;DIRECTEUR (DE LA) PHOTO;01/01/2000;
DIR095;DIRECTEUR PHOTO SPECIALISE;01/01/2000;12/10/2020
DIR096;DIRECTEUR DE LA PHOTOGRAPHIE CINEMA;01/01/2000;
DIR100;DIRECTEUR DE MODELISATION;01/01/2000;
DIR110;DIRECTEUR DE POST-PRODUCTION;01/01/2000;
DIR120;DIRECTEUR DE PRODUCTION;01/01/2000;
DIR122;ASSISTANT DIRECTEUR DE PRODUCTION;01/01/2000;
DIR123;DIRECTEUR DE PRODUCTION ADJOINT;01/01/2000;
DIR125;DIRECTEUR DE PRODUCTION SPECIALISE;01/01/2000;12/10/2020
DIR126;DIRECTEUR DE PRODUCTION CINEMA;01/01/2000;
DIR130;DIRECTEUR DECOR;01/01/2000;
DIR140;DIRECTEUR D'ECRITURE;01/01/2000;
DIR160;DIRECTEUR DES EFFETS VISUELS NUMERIQUES;01/01/2000;
DIR190;DIRECTEUR LAY-OUT;01/01/2000;
DIR200;DIRECTEUR RENDU ET D'ECLAIRAGE;01/01/2000;
DIR210;DIRECTEUR TECHNIQUE;01/01/2000;
DIR212;ASSISTANT DIRECTEUR TECHNIQUE;01/01/2000;
DIR213;DIRECTEUR TECHNIQUE ADJOINT;01/01/2000;
DIR220;DIRECTEUR DE PRODUCTION AV;01/01/2000;
DIR230;DIRECTEUR DE PROGRAMMATION;01/01/2000;
DIR240;DIRECTEUR LOGISTIQUE;01/01/2000;
DIR250;DIRECTEUR TECHNIQUE DE POST-PRODUCTION;01/01/2000;
DIR260;DIRECTEUR TECHNIQUE DE PRODUCTION;01/01/2000;12/10/2020
DIR270;DIRECTEUR ARTISTIQUE DE PRODUCTION;01/01/2000;
DIR280;DIRECTEUR DE JEUX;01/01/2000;
DIR290;DIRECTEUR DE SELECTION;01/01/2000;
DIR300;DIRECTEUR COIFFEUR;01/01/2000;
DIR310;DIRECTEUR COSTUMIER;01/01/2000;
DIR320;DIRECTEUR DE PRODUCTION SV;01/01/2000;
DIR330;DIRECTEUR DE STRUCTURE;01/01/2000;
DIR340;DIRECTEUR DECORATEUR;01/01/2000;
DIR350;DIRECTEUR MAQUILLEUR;01/01/2000;
DIR360;DIRECTEUR DE L'IMAGE;12/10/2020;
DIR370;DIRECTEUR DE PROJET;12/10/2020;
DIR380;DIRECTEUR DE PROJET ADJOINT;12/10/2020;
DIR390;DIRECTEUR EFFETS DYNAMIQ ET SIMULATIONS;12/10/2020;
DIR400;DIRECTEUR MATTE PAINTING;12/10/2020;
DIR410;DIRECTEUR MUSICAL;12/10/2020;
DIR420;DIRECTEUR RIGGING ET SET UP;12/10/2020;
DIR430;DIRECTEUR STEREOGRAPHE;12/10/2020;
DIR440;DIRECTEUR TEXTURES ET SHADING;12/10/2020;
DIS020;DISC JOCKEY (ARTISTE DJ);01/01/2000;
DOC010;DOCUMENTALISTE;01/01/2000;
DOM010;DOMPTEUR;01/01/2000;
DOU010;DOUBLURE;01/01/2000;
DOU020;DOUBLURE LUMIERE;01/01/2000;
DRA010;DRAMATURGE;01/01/2000;
DRA011;CHEF DRAMATURGE;01/01/2000;
DRA012;ASSISTANT DRAMATURGE;01/01/2000;
DRA013;DRAMATURGE ADJOINT;01/01/2000;
DRE010;DRESSEUR;01/01/2000;
ECH020;ECHASSIER;01/01/2000;
ECH030;ECHAFAUDEUR;01/01/2000;
ECL010;ECLAIRAGISTE;01/01/2000;
ECL012;ASSISTANT ECLAIRAGISTE;01/01/2000;
ECL013;ECLAIRAGISTE ADJOINT;01/01/2000;
EDI010;EDITEUR ARTISTIQUE WEB;12/10/2020;
ELE010;ELECTRICIEN;01/01/2000;
ELE012;ASSISTANT ELECTRICIEN;01/01/2000;
ELE013;ELECTRICIEN ADJOINT;01/01/2000;
ELE030;ELECTRICIEN (VIDEO) PUPITREUR;01/01/2000;
ELE040;ELECTRICIEN DECO;01/01/2000;
ELE050;ELECTRICIEN PRISE DE VUE;01/01/2000;21/10/2017
ELE056;ELECTRICIEN PRISE DE VUES CINEMA;01/01/2000;
ELE066;ELECTRICIEN DE CONSTRUCTION CINEMA;01/01/2000;
ELE070;ELECTRICIEN AV;01/01/2000;
ENC010;ENCODEUR MULTIMEDIA;01/01/2000;
ENC020;ENCODEUR LUMIERE;01/01/2000;
ENQ010;ENQUETEUR;01/01/2000;
ENS010;ENSEMBLIER;01/01/2000;
ENS011;CHEF ENSEMBLIER;12/10/2020;
ENS013;ENSEMBLIER ADJOINT;12/10/2020;
ENS016;ENSEMBLIER CINEMA;01/01/2000;
ENS020;ENSEMBLIER DE SPECTACLE;01/01/2000;12/10/2020
ENS021;CHEF ENSEMBLIER DE SPECTACLE;01/01/2000;12/10/2020
ENS022;ASSISTANT ENSEMBLIER DE SPECTACLE;01/01/2000;12/10/2020
ENS023;ENSEMBLIER DE SPECTACLE ADJOINT;01/01/2000;12/10/2020
ENS030;ENSEMBLIER-DECORATEUR;01/01/2000;
ENS035;ENSEMBLIER-DECORATEUR SPECIALISE;01/01/2000;12/10/2020
ENS036;ENSEMBLIER DECORATEUR CINEMA;01/01/2000;
EQU010;EQUILIBRISTE;01/01/2000;
ETA010;ETALONNEUR;01/01/2000;
ETA040;ETALONNEUR NUMERIQUE;01/01/2000;
FAK010;FAKIR;01/01/2000;
FAN010;FANTAISISTE;01/01/2000;
FIG010;FIGURANT;01/01/2000;
FIG020;FIGURANT BALLET;01/01/2000;
FIG030;FIGURANT MOCAP;01/01/2000;12/10/2020
FIL010;FILDEFERISTE;01/01/2000;
FLU010;FLUTISTE;01/01/2000;
FUN010;FUNAMBULE;01/01/2000;
GAR010;GARCON OU FILLE D'ORCHESTRE;12/10/2020;
GAR011;CHEF GARCON OU FILLE D'ORCHESTRE;12/10/2020;
GAR012;ASSISTANT GARCON OU FILLE D'ORCHESTRE;12/10/2020;
GAR013;GARCON OU FILLE D'ORCHESTRE ADJOINT;12/10/2020;
GES010;GESTIONNAIRE DE CALCULS;01/01/2000;12/10/2020
GES020;GESTIONNAIRE CALCULS RENDUS IMAGES SYNTH;01/01/2000;
GES030;GESTIONNAIRE DE DIFFUSION INTERNET;12/10/2020;
GOU010;GOUACHEUR;01/01/2000;
GRA010;GRAPHISTE;01/01/2000;
GRO010;GROUPMAN;01/01/2000;
GRO011;CHEF GROUPMAN;01/01/2000;
GRO012;ASSISTANT GROUPMAN;01/01/2000;
GRO013;GROUPMAN ADJOINT;01/01/2000;
GRO020;GROUPISTE FLUX AV;01/01/2000;
GUI010;GUITARISTE;01/01/2000;
HAB010;HABILLEUR;01/01/2000;
HAB011;CHEF HABILLEUR;01/01/2000;
HAB012;ASSISTANT HABILLEUR;01/01/2000;
HAB013;HABILLEUR ADJOINT;01/01/2000;
HAB015;HABILLEUR SPECIALISE;01/01/2000;12/10/2020
HAB016;HABILLEUR CINEMA;01/01/2000;
HAR010;HARPISTE;01/01/2000;
HAU010;HAUTBOISTE;01/01/2000;
HUM010;HUMORISTE;01/01/2000;
ICO010;ICONOGRAPHE;01/01/2000;
ILL010;ILLUSIONNISTE;01/01/2000;
ILL020;ILLUSTRATEUR;01/01/2000;
ILL030;ILLUSTRATEUR SONORE;01/01/2000;
ILL046;ILLUSTRATEUR DE DECOR CINEMA;01/01/2000;
IMI010;IMITATEUR;01/01/2000;
INF010;INFOGRAPHISTE DE MODELISATION;01/01/2000;
INF030;INFOGRAPHISTE LAY-OUT;01/01/2000;
INF040;INFOGRAPHISTE RENDU ET ECLAIRAGE;01/01/2000;
INF050;INFOGRAPHISTE;01/01/2000;
INF060;INFOGRAPHISTE 2D;01/01/2000;12/10/2020
INF070;INFOGRAPHISTE AUDIOVISUEL;01/01/2000;
INF080;INFOGRAPHISTE AV;01/01/2000;
INF090;INFOGRAPHISTE EFFETS VISUELS NUMERIQUES;01/01/2000;
INF100;INFOGRAPHISTE SCRIPTEUR;01/01/2000;21/10/2017
INF116;INFOGRAPHISTE DE DECOR CINEMA;01/01/2000;
INF120;INFOGRAPHISTE DEVELOPPEUR;01/01/2000;
INF130;INFOGRAPHISTE SUPERIEUR AV;01/01/2000;
INF140;INFOGRAPHISTE COMPOSITING;12/10/2020;
INF150;INFOGRAPHISTE EFFETS DYNAMIQUES;12/10/2020;
INF160;INFOGRAPHISTE MATTE PAINTER;12/10/2020;
INF170;INFOGRAPHISTE PIPELINE;12/10/2020;
INF180;INFOGRAPHISTE RIGGING;12/10/2020;
INF190;INFOGRAPHISTE SET UP;12/10/2020;
INF200;INFOGRAPHISTE SIMULATIONS;12/10/2020;
INF210;INFOGRAPHISTE TECHNIQUE;12/10/2020;
INF220;INFOGRAPHISTE TEXTURES ET SHADING;12/10/2020;
ING010;INGENIEUR DE LA VISION;01/01/2000;
ING020;INGENIEUR DE LA VISION ADJOINT;01/01/2000;
ING030;INGENIEUR (DU) SON;01/01/2000;
ING031;CHEF INGENIEUR DU SON;01/01/2000;
ING032;ASSISTANT INGENIEUR DU SON;01/01/2000;
ING033;INGENIEUR DU SON ADJOINT;01/01/2000;
ING035;INGENIEUR DU SON SPECIALISE;01/01/2000;12/10/2020
ING080;INGENIEUR DE MAINTENANCE;01/01/2000;21/10/2017
INS010;INSTRUMENTISTE;01/01/2000;
INT010;INTERVALLISTE;01/01/2000;
INT020;INTERVENANT SPECIALISE;01/01/2000;
INT040;INTERVENANT D'EMISSION;01/01/2000;
INT050;INTERPRETE;01/01/2000;
INT060;INTERVENANT;12/10/2020;
INV010;INVITE INTERVENANT;01/01/2000;
JON010;JONGLEUR;01/01/2000;
JOU010;JOUEUR TABLAS;01/01/2000;
KEY010;KEYBOARD;01/01/2000;
LEC010;LECTEUR DE TEXTE;01/01/2000;
LID010;LIDIANDO;01/01/2000;
LIN010;LINGERE;01/01/2000;
LIN011;CHEF LINGERE;01/01/2000;
LIN012;ASSISTANTE LINGERE;01/01/2000;
LIN013;LINGERE ADJOINTE;01/01/2000;
LOG010;LOGISTICIEN;01/01/2000;
LOG013;LOGISTICIEN ADJOINT;01/01/2000;
LUT010;LUTTEUR;01/01/2000;
MAC010;MACHINISTE;01/01/2000;
MAC012;ASSISTANT MACHINISTE;01/01/2000;
MAC013;MACHINISTE ADJOINT;01/01/2000;
MAC030;MACON;01/01/2000;12/10/2020
MAC040;MACHINISTE AV;01/01/2000;
MAC060;MACHINISTE DECORATEUR/DECO;01/01/2000;
MAC070;MACHINISTE DECORS;01/01/2000;
MAC086;MACHINISTE DE CONSTRUCTION CINEMA;01/01/2000;
MAC096;MACHINISTE DE PRISE DE VUES CINEMA;01/01/2000;
MAC100;MACON DE DECOR;12/10/2020;
MAC106;MACON DE DECOR CINEMA;01/01/2000;
MAG010;MAGICIEN;01/01/2000;
MAI010;MAITRE DE BALLET;01/01/2000;
MAN010;MANNEQUIN DE FILM PUBLICITAIRE;01/01/2000;
MAN020;MANDOLINE;01/01/2000;
MAQ020;MAQUETTISTE STAFFEUR;01/01/2000;
MAQ030;MAQUILLEUR ET COIFFEUR EFFETS SPECIAUX ;01/01/2000;
MAQ040;MAQUILLEUR;01/01/2000;
MAQ042;ASSISTANT MAQUILLEUR;01/01/2000;
MAQ043;MAQUILLEUR ADJOINT;01/01/2000;
MAQ045;MAQUILLEUR SPECIALISE;01/01/2000;12/10/2020
MAQ046;MAQUILLEUR CINEMA;01/01/2000;
MAQ050;MAQUILLEUR POSTICHEUR;01/01/2000;
MAQ076;MAQUETTISTE DE DECOR CINEMA;01/01/2000;
MAR010;MARIONNETTISTE;01/01/2000;
MAT010;MATT PAINTER;01/01/2000;12/10/2020
MAT020;MATADOR;01/01/2000;
MEC010;MECANICIEN;01/01/2000;12/10/2020
MEC020;MECANICIEN VOLUME;01/01/2000;
MEC030;MECANICIEN GROUPMAN;01/01/2000;
MEC040;MECANICIEN DE DECOR;12/10/2020;
MEN010;MENUISIER;01/01/2000;
MEN012;ASSISTANT MENUISIER;12/10/2020;
MEN013;MENUISIER ADJOINT;12/10/2020;
MEN020;MENUISIER DE DECORS;01/01/2000;
MEN021;CHEF MENUISIER DE DECORS;01/01/2000;
MEN022;ASSISTANT MENUISIER DE DECORS;01/01/2000;
MEN023;MENUISIER DE DECORS ADJOINT;01/01/2000;
MEN026;MENUISIER DE DECOR CINEMA;01/01/2000;
MEN030;MENUISIER TRACEUR;01/01/2000;
MEN046;MENUISIER TRACEUR DE DECOR CINEMA;01/01/2000;
MEN050;MENUISIER DE SPECTACLES;01/01/2000;12/10/2020
MEN051;CHEF MENUISIER DE SPECTACLES;01/01/2000;12/10/2020
MEN052;ASSISTANT MENUISIER DE SPECTACLES;01/01/2000;12/10/2020
MEN053;MENUISIER DE SPECTACLES ADJOINT;01/01/2000;12/10/2020
MET010;METALLIER;01/01/2000;12/10/2020
MET030;METTEUR EN PISTE (CIRQUES);01/01/2000;12/10/2020
MET031;CHEF METTEUR EN PISTE (CIRQUES);01/01/2000;12/10/2020
MET032;ASSISTANT METTEUR EN PISTE (CIRQUES);01/01/2000;12/10/2020
MET033;METTEUR EN PISTE ADJOINT (CIRQUES);01/01/2000;12/10/2020
MET040;METTEUR EN SCENE;01/01/2000;
MET042;ASSISTANT METTEUR EN SCENE;01/01/2000;
MET050;METALLIER DE DECOR;12/10/2020;
MEZ010;MEZZO;01/01/2000;
MIM010;MIME;01/01/2000;
MIX010;MIXEUR;01/01/2000;
MIX016;MIXEUR CINEMA;01/01/2000;
MIX020;MIXEUR (DIRECTS);01/01/2000;
MOD010;MODISTE;12/10/2020;
MOD011;CHEF MODISTE;12/10/2020;
MOD012;ASSISTANT MODISTE;12/10/2020;
MOD013;MODISTE ADJOINT;12/10/2020;
MOD020;MODISTE DE SPECTACLES;01/01/2000;12/10/2020
MOD021;CHEF MODISTE DE SPECTACLES;01/01/2000;12/10/2020
MOD022;ASSISTANT MODISTE DE SPECTACLES;01/01/2000;12/10/2020
MOD023;MODISTE DE SPECTACLES ADJOINT;01/01/2000;12/10/2020
MON010;MONTEUR;01/01/2000;
MON020;MONTEUR ADJOINT;01/01/2000;
MON030;MONTEUR DE STRUCTURES;01/01/2000;
MON031;CHEF MONTEUR DE STRUCTURE;12/10/2020;
MON032;ASSISTANT MONTEUR DE STRUCTURE;12/10/2020;
MON033;MONTEUR DE STRUCTURE ADJOINT;12/10/2020;
MON040;MONTEUR SON;01/01/2000;
MON041;CHEF MONTEUR SON;01/01/2000;
MON042;ASSISTANT MONTEUR SON;01/01/2000;
MON043;MONTEUR SON ADJOINT;01/01/2000;
MON050;MONTEUR TRUQUISTE;01/01/2000;
MON080;MONTEUR FLUX;01/01/2000;21/10/2017
MON090;MONTEUR SOUS-TITRES;01/01/2000;21/10/2017
MON100;MONTEUR SYNCHRO;01/01/2000;
MON110;MONTEUR TRUQUISTE AV;01/01/2000;
MON120;MONTEUR AV;01/01/2000;
MON130;MONTEUR ANIMATIQUE;12/10/2020;
MON140;MONTEUR IMAGE;12/10/2020;
MOU010;MOULEUR VOLUME;01/01/2000;
MOZ010;MOZO DE ESPADA;01/01/2000;
MUS010;MUSICIEN;01/01/2000;
MUS020;MUSICIEN CHANSON, VARIETE, JAZZ;01/01/2000;
MUS030;MUSICIEN CHANTEUR;01/01/2000;
MUS050;MUSICIEN COPISTE RADIO;01/01/2000;
MUS060;MUSICIEN DU RANG;01/01/2000;
MUS070;MUSICIEN SOLISTE CONCERTISTE;01/01/2000;
MUS080;MUSICIEN SOLISTE D'ORCHESTRE;01/01/2000;
NOT010;NOTATEUR;01/01/2000;
NOV010;NOVILLERO;01/01/2000;
OPE020;OPERATEUR CAPTURE DE MOUVEMENT;01/01/2000;
OPE030;OPERATEUR COMPOSITING;01/01/2000;12/10/2020
OPE050;OPERATEUR DE VOIES;01/01/2000;12/10/2020
OPE060;OPERATEUR EFFETS TEMPS REEL;01/01/2000;12/10/2020
OPE080;OPERATEUR DIGITALISATION;01/01/2000;12/10/2020
OPE090;OPERATEUR (DU) SON;01/01/2000;
OPE091;CHEF OPERATEUR (DU) SON;01/01/2000;
OPE092;ASSISTANT OPERATEUR SON;01/01/2000;
OPE093;OPERATEUR SON ADJOINT;01/01/2000;
OPE110;OPERATEUR IMAGES;01/01/2000;
OPE111;CHEF OPERATEUR IMAGES;01/01/2000;
OPE112;ASSISTANT OPERATEUR IMAGES;01/01/2000;
OPE113;OPERATEUR IMAGES ADJOINT;01/01/2000;
OPE130;OPERATEUR LUMIERE;01/01/2000;
OPE131;CHEF OPERATEUR LUMIERE;01/01/2000;
OPE132;ASSISTANT OPERATEUR LUMIERE;01/01/2000;
OPE133;OPERATEUR LUMIERE ADJOINT;01/01/2000;
OPE140;OPERATEUR MAGNETOSCOPE;01/01/2000;
OPE150;OPERATEUR MAGNETO(SOPE) RALENTI;01/01/2000;
OPE160;OPERATEUR PLAYBACK;01/01/2000;12/10/2020
OPE190;OPERATEUR PROJECTIONNISTE;01/01/2000;
OPE200;OPERATEUR PROMPTEUR;01/01/2000;
OPE210;OPERATEUR REGIE VIDEO;01/01/2000;
OPE230;OPERATEUR SCAN;01/01/2000;
OPE240;OPS / OPERATEUR PRISE DE SON;01/01/2000;
OPE250;OPERATEUR SPECIAL (STEADICAMER);01/01/2000;
OPE255;OPERATEUR SPECIAL (STEADICAM) SPECIALISE;01/01/2000;12/10/2020
OPE260;OPERATEUR SYNTHETISEUR;01/01/2000;
OPE300;OPERATEUR TELECINEMA;01/01/2000;21/10/2017
OPE320;OPERATEUR VIDEO;01/01/2000;
OPE321;CHEF OPERATEUR VIDEO;01/01/2000;
OPE322;ASSISTANT OPERATEUR VIDEO;01/01/2000;
OPE323;OPERATEUR VIDEO ADJOINT;01/01/2000;
OPE330;OPERATEUR VOLUME;01/01/2000;
OPE350;OPERATEUR DE DUPLICATION AV;01/01/2000;21/10/2017
OPE360;OPERATEUR DE PAD;01/01/2000;
OPE370;OPERATEUR BANDES ANTENNE;01/01/2000;
OPE380;OPERATEUR DE REPERAGE;01/01/2000;
OPE390;OPERATEUR SIMULATION;01/01/2000;
OPE400;OPERATEUR DE SAISIE;01/01/2000;21/10/2017
OPE410;OPERATEUR EN RESTAURATION NUMERIQUE;01/01/2000;
OPE420;OPERATEUR GRAVEUR;01/01/2000;21/10/2017
OPE440;OPERATEUR RALENTI;01/01/2000;
OPE450;OPERATEUR REPIQUAGE;01/01/2000;21/10/2017
OPE460;OPERATEUR REPORT OPTIQUE;01/01/2000;21/10/2017
OPE470;OPERATEUR RETOUCHE TEMPS REEL;01/01/2000;
OPE480;OPERATEUR SCANNER IMAGEUR;01/01/2000;
OPE490;OPERATEUR SERVEUR VIDEO;01/01/2000;21/10/2017
OPE510;OPERATEUR SUPERIEUR DU SON;01/01/2000;21/10/2017
OPE520;OPERATEUR TRANSFERT DE DONNEES;01/01/2000;12/10/2020
OPE530;OPERATEUR D'ENREGISTREMENT SV;01/01/2000;
OPE540;OPE SAUVEGARDE DONNEES (DATA WRANGLER);01/01/2000;
OPE550;OPERATEUR IMAGEUR;01/01/2000;
OPE560;OPERATEUR SCANNEUR;01/01/2000;
OPE570;OPERATEUR DATA ET CALCUL;12/10/2020;
OPE580;OPERATEUR TRANSFERT TRAITEMENT NUMERIQUE;12/10/2020;
OPE590;OPERATEUR HEADCAM;12/10/2020;
OPE600;OPERATEUR MULTICAM WEB;12/10/2020;
OPE610;OPERATEUR SYSTEME RESEAU ET MAINTENANCE;12/10/2020;
OPE620;OPERATEUR TRAITEMENT ET INTEGRATION;12/10/2020;
OPE630;OPERATEUR WEB;12/10/2020;
OPV010;OPV / OPERATEUR DE PRISE DE VUE;01/01/2000;
OPV015;OPV SPECIALISE;01/01/2000;12/10/2020
ORC010;ORCHESTRATEUR;01/01/2000;
ORG010;ORGANISTE;01/01/2000;
PAT010;PATINEUR;01/01/2000;
PEI010;PEINTRE;01/01/2000;
PEI020;PEINTRE (DE) DECORS;01/01/2000;
PEI021;CHEF PEINTRE DE DECORS;01/01/2000;
PEI022;ASSISTANT PEINTRE DE DECORS;01/01/2000;
PEI023;PEINTRE DE DECORS ADJOINT;01/01/2000;
PEI026;PEINTRE DE DECOR CINEMA;01/01/2000;
PEI030;PEINTRE DECORATEUR;01/01/2000;
PEI031;CHEF PEINTRE DECORATEUR;01/01/2000;
PEI032;ASSISTANT PEINTRE DECORATEUR;01/01/2000;
PEI033;PEINTRE DECORATEUR ADJOINT;01/01/2000;
PEI040;PEINTRE EN LETTRES / EN FAUX BOIS;01/01/2000;12/10/2020
PEI050;PEINTRE PATINEUR;01/01/2000;
PEI066;PEINTRE D'ART DE DECOR CINEMA;01/01/2000;
PEI076;PEINTRE EN LETTRES DE DECOR CINEMA;01/01/2000;
PEI086;PEINTRE FAUX BOIS ET PATINE DECOR CINEMA;01/01/2000;
PEI090;PEINTRE LETTRE / FAUX BOIS DE DECOR;12/10/2020;
PER010;PERCHISTE;01/01/2000;
PER015;PERCHISTE SPECIALISE;01/01/2000;12/10/2020
PER020;PERCUSSIONNISTE;01/01/2000;
PER030;PERRUQUIER;01/01/2000;
PER031;CHEF PERRUQUIER;01/01/2000;
PER032;ASSISTANT PERRUQUIER;01/01/2000;
PER033;PERRUQUIER ADJOINT;01/01/2000;
PER040;PERCHMAN;01/01/2000;
PHO010;PHOTOGRAPHE;01/01/2000;
PHO020;PHOTOGRAPHE DE PLATEAU;01/01/2000;
PHO025;PHOTOGRAPHE DE PLATEAU SPECIALISE;01/01/2000;12/10/2020
PHO026;PHOTOGRAPHE DE PLATEAU CINEMA;01/01/2000;
PIA010;PIANISTE;01/01/2000;
PIC010;PICCOLO;01/01/2000;
PIC020;PICADOR;01/01/2000;
PLA020;PLASTICIEN VOLUME;01/01/2000;
PLU010;PLUMASSIER DE SPECTACLES;01/01/2000;12/10/2020
PLU011;CHEF PLUMASSIER DE SPECTACLES;01/01/2000;12/10/2020
PLU012;ASSISTANT PLUMASSIER DE SPECTACLES;01/01/2000;12/10/2020
PLU013;PLUMASSIER DE SPECTACLES ADJOINT;01/01/2000;12/10/2020
PLU020;PLUMASSIER;12/10/2020;
PLU021;CHEF PLUMASSIER;12/10/2020;
PLU022;ASSISTANT PLUMASSIER;12/10/2020;
PLU023;PLUMASSIER ADJOINT;12/10/2020;
POE010;POETE INTERPRETE;01/01/2000;
POI010;POINTEUR;01/01/2000;
POI015;POINTEUR SPECIALISE;01/01/2000;12/10/2020
POI030;POINTEUR AV;01/01/2000;21/10/2017
POS010;POSTICHEUR;01/01/2000;
POS011;CHEF POSTICHEUR;01/01/2000;
POS012;ASSISTANT POSTICHEUR;01/01/2000;
POS013;POSTICHEUR ADJOINT;01/01/2000;
POU010;POURSUITEUR;01/01/2000;
POU011;CHEF POURSUITEUR;01/01/2000;
POU012;ASSISTANT POURSUITEUR;01/01/2000;
POU013;POURSUITEUR ADJOINT;01/01/2000;
PRE010;1ER ASSISTANT DECORATEUR;01/01/2000;
PRE015;1ER ASSISTANT DECORATEUR SPECIALISE;01/01/2000;12/10/2020
PRE016;1ER ASSISTANT DECORATEUR CINEMA;01/01/2000;
PRE020;1ER ASSISTANT OPV;01/01/2000;
PRE025;1ER ASSISTANT OPV SPECIALISE;01/01/2000;12/10/2020
PRE026;1ER ASSISTANT OPERATEUR CINEMA;01/01/2000;
PRE030;1ER ASSISTANT REALISATEUR;01/01/2000;
PRE035;1ER ASSISTANT REALISATEUR SPECIALISE;01/01/2000;12/10/2020
PRE036;1ER ASSISTANT REALISATEUR CINEMA;01/01/2000;
PRE050;1ER ASSISTANT SON;01/01/2000;
PRE055;1ER ASSISTANT SON SPECIALISE;01/01/2000;12/10/2020
PRE060;PREMIER DANSEUR;01/01/2000;
PRE070;PRENEUR DE SON;01/01/2000;
PRE071;CHEF PRENEUR DE SON;01/01/2000;
PRE072;ASSIST PRENEUR SON / A LA PRISE DE SON;01/01/2000;
PRE073;PRENEUR DE SON ADJOINT;01/01/2000;
PRE100;PRESENTATEUR;01/01/2000;
PRE110;PRESTIDIGITATEUR;01/01/2000;
PRE120;1ER ASSISTANT DE REALISATION AV;01/01/2000;
PRE130;1ER ASSISTANT DECORS;01/01/2000;
PRE140;1ER ASSISTANT CADREUR;01/01/2000;
PRE150;1ER ASSISTANT CAMERAMAN;01/01/2000;
PRE160;PREPARATEUR DE QUESTIONS;01/01/2000;
PRE176;1ER ASSISTANT DISTRIBUTION ROLES CINEMA;01/01/2000;
PRE186;1ER ASSISTANT MONTEUR CINEMA;01/01/2000;
PRE196;1ER ASSISTANT COSTUME CINEMA;01/01/2000;
PRO020;PRODUCTEUR ARTISTIQUE;01/01/2000;
PRO030;PRODUCTEUR COORDINATEUR DELEGUE;01/01/2000;
PRO040;PRODUCTEUR DELEGUE D'EMISSION DE RADIO;01/01/2000;
PRO050;PRODUCTEUR EXECUTIF;01/01/2000;
PRO060;PROGRAMMATEUR (PROGRAMMEUR) MUSICAL;01/01/2000;
PRO070;PROJECTIONNISTE;01/01/2000;
PRO071;CHEF PROJECTIONNISTE;01/01/2000;
PRO072;ASSISTANT PROJECTIONNISTE;01/01/2000;
PRO073;PROJECTIONNISTE ADJOINT;01/01/2000;
PRO080;PROMPTEUR;01/01/2000;12/10/2020
PRO081;CHEF PROMPTEUR;01/01/2000;12/10/2020
PRO082;ASSISTANT PROMPTEUR;01/01/2000;12/10/2020
PRO083;PROMPTEUR ADJOINT;01/01/2000;12/10/2020
PRO090;PROTHESISTE;01/01/2000;
PRO100;PROGRAMMEUR MULTIMEDIA;01/01/2000;
PRO110;PROGRAMMATEUR ARTISTIQUE D'EMISSION;01/01/2000;
PRO120;PROJECTIONNISTE AV;01/01/2000;21/10/2017
PRO130;PROGRAMMEUR LUMIERE;01/01/2000;
PUP010;PUPITREUR;01/01/2000;
PUP011;CHEF PUPITREUR;01/01/2000;
PUP012;ASSISTANT PUPITREUR;01/01/2000;
PUP013;PUPITREUR ADJOINT;01/01/2000;
PUP050;PUPITREUR LUMIERE;01/01/2000;
PUP060;PUPITREUR MOTORISATION ASSERVIE;01/01/2000;
PYR010;PYROTECHNICIEN;01/01/2000;
REA010;REALISATEUR;01/01/2000;
REA016;REALISATEUR CINEMA;01/01/2000;
REA020;REALISATEUR ARTISTIQUE;01/01/2000;
REA030;REALISATEUR COIFFURE;01/01/2000;
REA031;CHEF REALISATEUR COIFFURE;01/01/2000;
REA032;ASSISTANT REALISATEUR COIFFURE;01/01/2000;
REA033;REALISATEUR COIFFURE ADJOINT;01/01/2000;
REA040;REALISATEUR (DE) COSTUME(S);01/01/2000;
REA041;CHEF REALISATEUR COSTUMES;01/01/2000;
REA042;ASSISTANT REALISATEUR COSTUMES;01/01/2000;
REA043;REALISATEUR COSTUMES ADJOINT;01/01/2000;
REA060;REALISATEUR LUMIERE;01/01/2000;
REA061;CHEF REALISATEUR LUMIERE;01/01/2000;
REA062;ASSISTANT REALISATEUR LUMIERE;01/01/2000;
REA063;REALISATEUR LUMIERE ADJOINT;01/01/2000;
REA070;REALISATEUR MAQUILLAGES;01/01/2000;
REA071;CHEF REALISATEUR MAQUILLAGES;01/01/2000;
REA072;ASSISTANT REALISATEUR MAQUILLAGES;01/01/2000;
REA073;REALISATEUR MAQUILLAGES ADJOINT;01/01/2000;
REA080;REALISATEUR RADIO;01/01/2000;
REA090;REALISATEUR SON;01/01/2000;
REA091;CHEF REALISATEUR SON;01/01/2000;
REA092;ASSISTANT REALISATEUR SON;01/01/2000;
REA093;REALISATEUR SON ADJOINT;01/01/2000;
REA100;REALISATEUR AV;01/01/2000;
REA110;REALISATEUR DE SV;01/01/2000;
REA120;REALISATEUR DE FILMS PUBLICITAIRES;01/01/2000;
REA130;REALISATEUR PERRUQUES;01/01/2000;
REA131;CHEF REALISATEUR PERRUQUES;01/01/2000;
REA132;ASSISTANT REALISATEUR PERRUQUES;01/01/2000;
REA133;REALISATEUR PERRUQUES ADJOINT;01/01/2000;
REA140;REALISATEUR MASQUE;01/01/2000;
REA141;CHEF REALISATEUR MASQUES;01/01/2000;
REA142;ASSISTANT REALISATEUR MASQUE;01/01/2000;
REA143;REALISATEUR MASQUE ADJOINT;01/01/2000;
REC010;RECHERCHISTE;01/01/2000;
REC020;RECITANT;01/01/2000;
RED010;REDACTEUR;01/01/2000;
REG010;REGISSEUR;01/01/2000;
REG011;CHEF REGISSEUR;01/01/2000;
REG015;REGISSEUR SPECIALISE;01/01/2000;12/10/2020
REG020;REGISSEUR ADJOINT;01/01/2000;
REG025;REGISSEUR ADJOINT SPECIALISE;01/01/2000;12/10/2020
REG026;REGISSEUR ADJOINT CINEMA;01/01/2000;
REG030;REGISSEUR AUDIOVISUEL;01/01/2000;
REG031;CHEF REGISSEUR AUDIOVISUEL;01/01/2000;
REG032;ASSISTANT REGISSEUR AUDIOVISUEL;01/01/2000;
REG033;REGISSEUR AUDIOVISUEL ADJOINT;01/01/2000;
REG040;REGISSEUR (DE) PLATEAU;01/01/2000;
REG041;CHEF REGISSEUR (DE) PLATEAU;01/01/2000;
REG042;ASSISTANT REGISSEUR (DE) PLATEAU;01/01/2000;
REG043;REGISSEUR (DE) PLATEAU ADJOINT;01/01/2000;
REG050;REGISSEUR DE PRODUCTION;01/01/2000;
REG051;CHEF REGISSEUR DE PRODUCTION;01/01/2000;
REG052;ASSISTANT REGISSEUR DE PRODUCTION;01/01/2000;
REG053;REGISSEUR DE PRODUCTION ADJOINT;01/01/2000;
REG060;REGISSEUR DE SALLE & DE SITE (FESTIVAL);01/01/2000;
REG061;CHEF REGISSEUR SALLE & SITE (FESTIVAL);01/01/2000;
REG062;ASSIST REGISSEUR SALLE & SITE (FESTIVAL);01/01/2000;
REG063;REGISSEUR SALLE & SITE ADJOINT (FESTIVAL;01/01/2000;
REG070;REGISSEUR DE SCENE;01/01/2000;
REG071;CHEF REGISSEUR DE SCENE;01/01/2000;
REG072;ASSISTANT REGISSEUR DE SCENE;01/01/2000;
REG073;REGISSEUR DE SCENE ADJOINT;01/01/2000;
REG090;REGISSEUR D'EQUIPEMENT SCENIQUE;01/01/2000;
REG091;CHEF REGISSEUR D'EQUIPEMENT SCENIQUE;01/01/2000;
REG092;ASSISTANT REGISSEUR EQUIPEMENT SCENIQUE;01/01/2000;
REG093;REGISSEUR D'EQUIPEMENT SCENIQUE ADJOINT;01/01/2000;
REG100;REGISSEUR D'EXTERIEUR(S);01/01/2000;
REG105;REGISSEUR D'EXTERIEURS SPECIALISE;01/01/2000;12/10/2020
REG106;REGISSEUR D'EXTERIEURS CINEMA;01/01/2000;
REG110;REGISSEUR D'ORCHESTRE;01/01/2000;
REG111;CHEF REGISSEUR D'ORCHESTRE;01/01/2000;
REG112;ASSISTANT REGISSEUR D'ORCHESTRE;01/01/2000;
REG113;REGISSEUR D'ORCHESTRE ADJOINT;01/01/2000;
REG120;REGISSEUR GENERAL;01/01/2000;
REG121;CHEF REGISSEUR GENERAL;01/01/2000;
REG122;ASSISTANT REGISSEUR GENERAL;01/01/2000;
REG123;REGISSEUR GENERAL ADJOINT;01/01/2000;
REG125;REGISSEUR GENERAL SPECIALISE;01/01/2000;12/10/2020
REG126;REGISSEUR GENERAL CINEMA;01/01/2000;
REG130;REGISSEUR LUMIERE;01/01/2000;
REG131;CHEF REGISSEUR LUMIERE;01/01/2000;
REG132;ASSISTANT REGISSEUR LUMIERE;01/01/2000;
REG133;REGISSEUR LUMIERE ADJOINT;01/01/2000;
REG140;REGISSEUR PLATEAU SON (RETOUR);01/01/2000;
REG141;CHEF REGISSEUR PLATEAU SON (RETOUR);01/01/2000;
REG142;ASSISTANT REGISSEUR PLATEAU SON (RETOUR);01/01/2000;
REG143;REGISSEUR ADJOINT PLATEAU SON (RETOUR);01/01/2000;
REG150;REGISSEUR SON;01/01/2000;
REG151;CHEF REGISSEUR SON;01/01/2000;
REG152;ASSISTANT REGISSEUR SON;01/01/2000;
REG153;REGISSEUR SON ADJOINT;01/01/2000;
REG180;REGISSEUR DECORS;01/01/2000;21/10/2017
REG190;REGISSEUR STRUCTURE;01/01/2000;
REG200;REGULATEUR DE STATIONNEMENT;01/01/2000;
REG210;REGISSEUR DE CHOEUR;01/01/2000;
REG211;CHEF REGISSEUR DE CHOEUR;01/01/2000;
REG212;ASSISTANT REGISSEUR DE CHOEUR;01/01/2000;
REG213;REGISSEUR DE CHOEUR ADJOINT;01/01/2000;
REG220;REGISSEUR DE SALLE;01/01/2000;
REG230;REGISSEUR MOTORISATION ASSERVIE;01/01/2000;
REG240;REGISSEUR VIDEO;12/10/2020;
REG241;CHEF REGISSEUR VIDEO;12/10/2020;
REG242;ASSISTANT REGISSEUR VIDEO;12/10/2020;
REG243;REGISSEUR VIDEO ADJOINT;12/10/2020;
REJ010;REJONEADOR;01/01/2000;
REL010;RELEVEUR DE DIALOGUE;01/01/2000;
REP010;REPASSEUSE;01/01/2000;
REP011;CHEF REPASSEUSE;01/01/2000;
REP012;ASSISTANTE REPASSEUSE;01/01/2000;
REP013;REPASSEUSE ADJOINTE;01/01/2000;
REP020;REPETITEUR;01/01/2000;
REP021;CHEF REPETITEUR;01/01/2000;
REP022;ASSISTANT REPETITEUR;01/01/2000;
REP023;REPETITEUR ADJOINT;01/01/2000;
REP026;REPETITEUR CINEMA;01/01/2000;
REP030;REPEREUR;01/01/2000;
RES010;RESPONSABLE TECHNIQUE POST-PRODUCTION;01/01/2000;
RES030;RESPONSABLE DES ENFANTS;01/01/2000;
RES036;RESPONSABLE DES ENFANTS CINEMA;01/01/2000;
RES040;RESPONSABLE REPERAGES;01/01/2000;
RES045;RESPONSABLE REPERAGES SPECIALISE;01/01/2000;12/10/2020
RES050;RESPONSABLE D'EXPLOITATION;01/01/2000;
RES060;RESPONSABLE SCAN;01/01/2000;
RES070;RESPONSABLE ARTISTIQUE;01/01/2000;
RES080;RESPONSABLE CASTING;01/01/2000;
RES090;RESPONSABLE D'ENQUETE;01/01/2000;
RES110;RESPONSABLE DE RECHERCHE;01/01/2000;
RES120;RESPONSABLE TECHNIQUE MULTIMEDIA;01/01/2000;21/10/2017
RES130;RESPONSABLE DE QUESTIONS;01/01/2000;
RES140;RESPONSABLE DE MAINTENANCE;01/01/2000;
RET010;RETOUCHEUSE;01/01/2000;
RET011;CHEF RETOUCHEUSE;01/01/2000;
RET012;ASSISTANT RETOUCHEUSE;01/01/2000;
RET013;RETOUCHEUSE ADJOINT;01/01/2000;
RIG010;RIGGER;01/01/2000;
RIG011;CHEF RIGGER;01/01/2000;
RIG012;ASSISTANT RIGGER;01/01/2000;
RIG013;RIGGER ADJOINT;01/01/2000;
RIP010;RIPPEUR;01/01/2000;
ROA010;ROAD;01/01/2000;
SAC010;SACQUEBOUTIER BASSE;01/01/2000;
SAX010;SAXOPHONISTE;01/01/2000;
SCA010;SCAFFOLDER;01/01/2000;
SCE010;SCENOGRAPHE;01/01/2000;
SCE011;CHEF SCENOGRAPHE;01/01/2000;
SCE012;ASSISTANT SCENOGRAPHE;01/01/2000;
SCE013;SCENOGRAPHE ADJOINT;01/01/2000;
SCR010;SCRIPT(E);01/01/2000;
SCR015;SCRIPTE SPECIALISE;01/01/2000;12/10/2020
SCR016;SCRIPTE CINEMA;01/01/2000;
SCR020;SCRIPT EDITEUR;01/01/2000;
SCR050;SCRIPTE AV;01/01/2000;
SCU020;SCULPTEUR DE THEATRE;01/01/2000;12/10/2020
SCU021;CHEF SCULPTEUR DE THEATRE;01/01/2000;12/10/2020
SCU022;ASSISTANT SCULPTEUR DE THEATRE;01/01/2000;12/10/2020
SCU023;SCULPTEUR DE THEATRE ADJOINT;01/01/2000;12/10/2020
SCU030;SCULPTEUR DECORATEUR;01/01/2000;
SCU040;SCULPTEUR DECORS;01/01/2000;21/10/2017
SCU046;SCULPTEUR DE DECOR CINEMA;01/01/2000;
SCU050;SCULPTEUR DE SPECTACLES;01/01/2000;12/10/2020
SCU051;CHEF SCULPTEUR DE SPECTACLES;01/01/2000;12/10/2020
SCU052;ASSISTANT SCULPTEUR DE SPECTACLES;01/01/2000;12/10/2020
SCU053;SCULPTEUR DE SPECTACLES ADJOINT;01/01/2000;12/10/2020
SCU060;SCULPTEUR;01/01/2000;
SCU063;SCULPTEUR ADJOINT;12/10/2020;
SCU070;SCULPTEUR 3D;12/10/2020;
SEC010;SECRETAIRE DE PRODUCTION;01/01/2000;
SEC015;SECRETAIRE DE PRODUCTION SPECIALISEE;01/01/2000;12/10/2020
SEC016;SECRETAIRE DE PRODUCTION CINEMA;01/01/2000;
SER010;SERRURIER;01/01/2000;
SER011;CHEF SERRURIER;01/01/2000;
SER012;ASSISTANT SERRURIER;01/01/2000;
SER013;SERRURIER ADJOINT;01/01/2000;
SER020;SERRURIER METALLIER DE THEATRE;01/01/2000;
SER021;CHEF SERRURIER METALLIER DE THEATRE;01/01/2000;
SER022;ASSISTANT SERRURIER METALLIER DE THEATRE;01/01/2000;
SER023;SERRURIER METALLIER DE THEATRE ADJOINT;01/01/2000;
SER030;SERRURIER METALLIER;01/01/2000;
SER040;SERRURIER DE DECOR;12/10/2020;
SER046;SERRURIER DE DECOR CINEMA;01/01/2000;
SER050;SERRURIER DE SPECTACLES;01/01/2000;12/10/2020
SER051;CHEF SERRURIER DE SPECTACLES;01/01/2000;12/10/2020
SER052;ASSISTANT SERRURIER DE SPECTACLES;01/01/2000;12/10/2020
SER053;SERRURIER DE SPECTACLES ADJOINT;01/01/2000;12/10/2020
SIL010;SILHOUETTE;01/01/2000;
SOB010;SOBRESALIENTE;01/01/2000;
SOL010;SOLISTE;01/01/2000;
SON010;SONORISATEUR;01/01/2000;
SON011;CHEF SONORISATEUR;01/01/2000;
SON013;SONORISATEUR ADJOINT;01/01/2000;
SOP010;SOPRANO;01/01/2000;
SOU010;SOUFFLEUR;01/01/2000;
SOU011;CHEF SOUFFLEUR;01/01/2000;
SOU012;ASSISTANT SOUFFLEUR;01/01/2000;
SOU013;SOUFFLEUR ADJOINT;01/01/2000;
SOU086;SOUS-CHEF ELECTRICIEN CONSTRUCTION CINE;01/01/2000;
SOU096;SOUS-CHEF ELECTRICIEN PRISE VUES CINEMA;01/01/2000;
SOU106;SOUS-CHEF MACHINISTE CONSTRUCTION CINEMA;01/01/2000;
SOU116;SOUS-CHEF MACHINISTE PRISE VUES CINEMA;01/01/2000;
SOU126;SOUS-CHEF MENUISIER DE DECOR CINEMA;01/01/2000;
SOU136;SOUS-CHEF PEINTRE DE DECOR CINEMA;01/01/2000;
SOU140;SOUS-TITREUR SME;01/01/2000;
SOU150;SOUS TITREUR;12/10/2020;
SOU151;CHEF SOUS TITREUR;12/10/2020;
SOU152;ASSISTANT SOUS TITREUR;12/10/2020;
SOU153;SOUS TITREUR ADJOINT;12/10/2020;
SPE010;SPEAKER;01/01/2000;
STA010;STAFFEUR;01/01/2000;
STA012;ASSISTANT STAFFEUR;01/01/2000;
STA013;STAFFEUR ADJOINT;01/01/2000;
STA030;STAFFEUR DE DECOR;12/10/2020;
STA036;STAFFEUR DE DECOR CINEMA;01/01/2000;
STE010;STEADICAMER;01/01/2000;
STE015;STEADICAMER SPECIALISE;01/01/2000;12/10/2020
STE020;STEREOGRAPHE;12/10/2020;
STO010;STORYBOARDER;01/01/2000;
STR010;STRIPTEASEUR;01/01/2000;
STY010;STYLISTE;01/01/2000;
SUP010;SUPERVISEUR;01/01/2000;12/10/2020
SUP020;SUPERVISEUR DE MODELISATION;01/01/2000;
SUP030;SUPERVISEUR EFFETS SPECIAUX;01/01/2000;
SUP040;SUPERVISEUR RENDU ET ECLAIRAGE;01/01/2000;
SUP050;SUPERVISEUR EFFETS VISUELS NUMERIQUES;01/01/2000;12/10/2020
SUP070;SUPERVISEUR DE CALCULS;01/01/2000;12/10/2020
SUP080;SUPERVISEUR TRANSFERT DE DONNEES;01/01/2000;12/10/2020
SUP096;SUPERVISEUR D'EFFETS PHYSIQUES CINEMA;01/01/2000;
SUP100;SUPERVISEUR ACCROCHEUR;01/01/2000;
SUP110;SUPERVISEUR CONSTRUCTEUR DE DECORS;01/01/2000;
SUP120;SUPERVISEUR CONSTRUCTEUR DE MACHINERIE;01/01/2000;
SUP130;SUPERVISEUR DE CHANTIER;01/01/2000;
SUP140;SUPERVISEUR DE CHANTIER ADJOINT;01/01/2000;
SUP150;SUPERVISEUR RIGGER;01/01/2000;
SUP160;SUPERVISEUR COMPOSITING;12/10/2020;
SUP170;SUPERVISEUR ANIMATION;12/10/2020;
SUP180;SUPERVISEUR DATA ET CALCUL;12/10/2020;
SUP190;SUPERVISEUR DE PRODUCTION;12/10/2020;
SUP200;SUPERVISEUR DE PROJET;12/10/2020;
SUP210;SUPERVISEUR DE PROJET ADJOINT;12/10/2020;
SUP220;SUPERVISEUR LAY-OUT;12/10/2020;
SUP230;SUPERVISEUR MOCAP;12/10/2020;
SUP240;SUPERVISEUR PIPELINE;12/10/2020;
SUP250;SUPERVISEUR RIGGING ET SET UP;12/10/2020;
SUP260;SUPERVISEUR TEXTURES ET SHADING;12/10/2020;
SUR010;SUR TITREUR;12/10/2020;
SUR011;CHEF SUR TITREUR;12/10/2020;
SUR012;ASSISTANT SUR TITREUR;12/10/2020;
SUR013;SUR TITREUR ADJOINT;12/10/2020;
TAI010;TAILLEUR;01/01/2000;
TAI011;CHEF TAILLEUR;01/01/2000;
TAI012;ASSISTANT TAILLEUR;01/01/2000;
TAI013;TAILLEUR ADJOINT;01/01/2000;
TAP010;TAPISSIER;01/01/2000;
TAP013;TAPISSIER ADJOINT;12/10/2020;
TAP020;TAPISSIER DE THEATRE;01/01/2000;12/10/2020
TAP021;CHEF TAPISSIER DE THEATRE;01/01/2000;12/10/2020
TAP022;ASSISTANT TAPISSIER DE THEATRE;01/01/2000;12/10/2020
TAP023;TAPISSIER DE THEATRE ADJOINT;01/01/2000;12/10/2020
TAP030;TAPISSIER DECORATEUR;01/01/2000;
TAP040;TAPISSIER DECORS;12/10/2020;
TAP046;TAPISSIER DE DECOR CINEMA;01/01/2000;
TAP050;TAPISSIER DE SPECTACLES;01/01/2000;12/10/2020
TAP051;CHEF TAPISSIER DE SPECTACLES;01/01/2000;12/10/2020
TAP052;ASSISTANT TAPISSIER DE SPECTACLES;01/01/2000;12/10/2020
TAP053;TAPISSIER DE SPECTACLES ADJOINT;01/01/2000;12/10/2020
TEC010;TECHNICIEN BACKLINER;01/01/2000;
TEC020;TECHNICIEN CAO-PAO;01/01/2000;
TEC021;CHEF TECHNICIEN CAO-PAO;01/01/2000;
TEC022;ASSISTANT TECHNICIEN CAO-PAO;01/01/2000;
TEC023;TECHNICIEN CAO-PAO ADJOINT;01/01/2000;
TEC030;TECHNICIEN CONSOLE;01/01/2000;
TEC031;CHEF TECHNICIEN CONSOLE;01/01/2000;
TEC032;ASSISTANT TECHNICIEN CONSOLE;01/01/2000;
TEC033;TECHNICIEN CONSOLE ADJOINT;01/01/2000;
TEC040;TECHNICIEN MAINTENANCE TOURNEE & FESTIVAL;01/01/2000;
TEC041;CHEF TECH MAINTENANCE TOURNEE & FESTIVAL;01/01/2000;
TEC042;ASSIST TECH MAINTENANCE TOURNEE & FESTIVAL;01/01/2000;
TEC043;TECH MAINTENANCE ADJ TOURNEE & FESTIVAL;01/01/2000;
TEC060;TECHNICIEN (DE) PLATEAU;01/01/2000;
TEC061;CHEF TECHNICIEN DE PLATEAU;01/01/2000;
TEC062;ASSISTANT TECHNICIEN DE PLATEAU;01/01/2000;
TEC063;TECHNICIEN DE PLATEAU ADJOINT;01/01/2000;
TEC070;TECHNICIEN DE PYROTECHNIE;01/01/2000;
TEC071;CHEF TECHNICIEN DE PYROTECHNIE;01/01/2000;
TEC072;ASSISTANT TECHNICIEN DE PYROTECHNIE;01/01/2000;
TEC073;ADJOINT TECHNICIEN DE PYROTECHNIE;01/01/2000;
TEC080;TECHNICIEN DE REPORTAGE;01/01/2000;
TEC100;TECHNICIEN DE SECURITE (CIRQUES);01/01/2000;
TEC101;CHEF TECHNICIEN DE SECURITE (CIRQUES);01/01/2000;
TEC102;ASSISTANT TECHNICIEN SECURITE (CIRQUES);01/01/2000;
TEC103;TECHNICIEN DE SECURITE ADJOINT (CIRQUES);01/01/2000;
TEC110;TECHNICIEN DE STRUCTURE;01/01/2000;
TEC150;TECHNICIEN EFFETS SPECIAUX;01/01/2000;
TEC151;CHEF TECHNICIEN EFFETS SPECIAUX;01/01/2000;
TEC152;ASSISTANT TECHNICIEN EFFETS SPECIAUX;01/01/2000;
TEC153;TECHNICIEN EFFETS SPECIAUX ADJOINT;01/01/2000;
TEC160;TECHNICIEN EFFETS SPECIAUX VOLUME;01/01/2000;
TEC170;TECHNICIEN GROUPE ELECTROGENE;01/01/2000;
TEC171;CHEF TECHNICIEN GROUPE ELECTROGENE;01/01/2000;
TEC172;ASSISTANT TECHNICIEN GROUPE ELECTROGENE;01/01/2000;
TEC173;TECHNICIEN GROUPE ELECTROGENE ADJOINT;01/01/2000;
TEC180;TECHNICIEN HF;01/01/2000;
TEC181;CHEF TECHNICIEN HF;01/01/2000;
TEC182;ASSISTANT TECHNICIEN HF;01/01/2000;
TEC183;TECHNICIEN HF ADJOINT;01/01/2000;
TEC190;TECHNICIEN HYDRAULIQUE;01/01/2000;
TEC191;CHEF TECHNICIEN HYDRAULIQUE;01/01/2000;
TEC192;ASSISTANT TECHNICIEN HYDRAULIQUE;01/01/2000;
TEC193;TECHNICIEN HYDRAULIQUE ADJOINT;01/01/2000;
TEC210;TECHNICIEN (DES) INSTRUMENT(S);01/01/2000;
TEC220;TECHNICIEN INSTRUMENTS DE MUSIQUE;01/01/2000;
TEC221;CHEF TECHNICIEN INSTRUMENTS DE MUSIQUE;01/01/2000;
TEC222;ASSISTANT TECHNICIEN INSTRUMENTS MUSIQUE;01/01/2000;
TEC223;TECHNICIEN INSTRUMENTS MUSIQUE ADJOINT;01/01/2000;
TEC230;TECHNICIEN LUMIERE;01/01/2000;
TEC231;CHEF TECHNICIEN LUMIERE;01/01/2000;
TEC232;ASSISTANT TECHNICIEN LUMIERE;01/01/2000;
TEC233;TECHNICIEN LUMIERE ADJOINT;01/01/2000;
TEC235;ASSISTANT LUMIERE SPECIALISE;01/01/2000;12/10/2020
TEC240;TECHNICIEN REALISATEUR;01/01/2000;
TEC250;TECHNICIEN SON;01/01/2000;
TEC251;CHEF TECHNICIEN SON;01/01/2000;
TEC252;ASSISTANT TECHNICIEN SON;01/01/2000;
TEC253;TECHNICIEN SON ADJOINT;01/01/2000;
TEC260;TECHNICIEN TRUQUISTE;01/01/2000;
TEC270;TECHNICIEN VIDEO;01/01/2000;
TEC271;CHEF TECHNICIEN VIDEO;01/01/2000;
TEC272;ASSISTANT TECHNICIEN VIDEO;01/01/2000;
TEC273;TECHNICIEN VIDEO ADJOINT;01/01/2000;
TEC280;TECHNICIEN D'EXPLOITATION;01/01/2000;
TEC290;TECHNICIEN D'EXPLOITATION AV;01/01/2000;
TEC300;TECHNICIEN DE LA VISION SV;01/01/2000;
TEC310;TECHNICIEN DE MAINTENANCE;01/01/2000;
TEC320;TECHNICIEN DE MAINTENANCE N1;01/01/2000;21/10/2017
TEC330;TECHNICIEN DE MAINTENANCE N2;01/01/2000;21/10/2017
TEC350;TECHNICIEN DE SCENE;01/01/2000;
TEC380;TECHNICIEN RENOVATION SON;01/01/2000;
TEC390;TECHNICIEN REPIQUAGE;01/01/2000;21/10/2017
TEC400;TECHNICIEN REPORT OPTIQUE;01/01/2000;21/10/2017
TEC410;TECHNICIEN RESTAURATION NUMERIQUE;01/01/2000;
TEC420;TECHNICIEN SUPERIEUR D'EXPLOITATION AV;01/01/2000;
TEC430;TECHNICIEN SYSTEME;01/01/2000;
TEC440;TECHNICIEN SYSTEME ET RESEAU;01/01/2000;12/10/2020
TEC450;TECHNICIEN TRANSFERT SON;01/01/2000;21/10/2017
TEC470;TECHNICIEN AUTHORING;01/01/2000;
TEC486;TECH APPAREILS TELECOMMANDES (PDV) CINE;01/01/2000;
TEC496;TECHNICIEN REALISATEUR 2EME EQUIPE CINE;01/01/2000;
TEC506;TECHNICIEN RETOUR IMAGE CINEMA;01/01/2000;
TEC510;TECHNICIEN DIFFUSION D'IMAGES;01/01/2000;
TEC520;TECHNICIEN ECHAFAUDEUR;01/01/2000;
TEC530;TECHNICIEN MEDIA SERVEUR;01/01/2000;
TEC540;TECHNICIEN MOTORISATION ASSERVIE;01/01/2000;
TEC550;TECHNICIEN RESEAUX;01/01/2000;
TEC560;TECHNICIEN SCAFFOLDER;01/01/2000;
TEC570;TECHNICIEN VIDEO SV;01/01/2000;
TEC580;TECHNICIEN EXPLOITATION AV ET NUMERIQUE;01/01/2000;
TEC590;TECHNICIEN D EXPLOITATION NUMERIQUE;01/01/2000;
TEC600;TECHNICIEN DE REGIE FINALE;01/01/2000;
TEC610;TECHNICIEN IMAGE NUMERIQUE (DIT);01/01/2000;
TEC620;TECH SUP EXPLOITATION AV ET NUMERIQUE;01/01/2000;
TEC630;TECH SUPERIEUR EXPLOITATION NUMERIQUE;01/01/2000;
TEC640;TECHNICIEN SUPERIEUR DE REGIE FINALE;01/01/2000;
TEC650;TECHNICIEN SUPERIEUR SERVEUR VIDEO;01/01/2000;
TEC660;TECHNICIEN DE DEVELOPPEMENT WEB;12/10/2020;
TEC670;TECHNICIEN LASER;12/10/2020;
TEC680;TECHNICIEN PROMPTEUR;12/10/2020;
TEC681;CHEF TECHNICIEN PROMPTEUR;12/10/2020;
TEC682;ASSISTANT TECHNICIEN PROMPTEUR;12/10/2020;
TEC683;TECHNICIEN PROMPTEUR ADJOINT;12/10/2020;
TEC690;TECHNICIEN SYSTEME RESEAU ET MAINTENANCE;12/10/2020;
TEC700;TECHNICIEN VIDEO WEB;12/10/2020;
TEI020;TEINTURIER COLORISTE DE SPECTACLES;01/01/2000;12/10/2020
TEI021;CHEF TEINTURIER COLORISTE DE SPECTACLES;01/01/2000;12/10/2020
TEI022;ASSISTANT TEINTURIER COLORISTE SPECTACLE;01/01/2000;12/10/2020
TEI023;TEINTURIER COLORISTE SPECTACLES ADJOINT;01/01/2000;12/10/2020
TEI036;TEINTURIER PATINEUR COSTUMES CINEMA;01/01/2000;
TEI040;TEINTURIER COLORISTE;12/10/2020;
TEI041;CHEF TEINTURIER COLORISTE;12/10/2020;
TEI042;ASSISTANT TEINTURIER COLORISTE;12/10/2020;
TEI043;TEINTURIER COLORISTE ADJOINT;12/10/2020;
TEL010;TELEPHONISTE D'EMISSION;01/01/2000;
TEN010;TENOR;01/01/2000;
TER010;TERCERO;01/01/2000;
TIM010;TIMBALES;01/01/2000;
TOP010;TOPPEUR;01/01/2000;
TOR010;TORERO;01/01/2000;
TOU010;TOUPILLEUR;01/01/2000;12/10/2020
TOU020;TOUPILLEUR DE DECOR;12/10/2020;
TOU026;TOUPILLEUR DE DECOR CINEMA;01/01/2000;
TRA010;TRACEUR;01/01/2000;
TRA030;TRADUCTEUR;01/01/2000;
TRA040;TRAPEZISTE;01/01/2000;
TRA050;TRANSFORMISTE;01/01/2000;
TRA060;TRADUCTEUR-ADAPTATEUR;01/01/2000;
TRA070;TRADUCTEUR INTERPRETE;01/01/2000;
TRA080;TRACEUR DE DECOR;12/10/2020;
TRO010;TROMBONE;01/01/2000;
TRO020;TROMPETTISTE;01/01/2000;
TRO036;3EME ASSISTANT DECORATEUR CINEMA;01/01/2000;
TRU010;TRUQUISTE;01/01/2000;
TRU030;TRUQUISTE AV;01/01/2000;
TUB010;TUBA;01/01/2000;
VAL010;VALET D' EPEE;01/01/2000;
VEN010;VENTRILOQUE;01/01/2000;
VER010;VERIFICATEUR D'ANIMATION;01/01/2000;
VER040;VERIFICATEUR TRACE-COLORISATION;01/01/2000;
VIB010;VIBRAPHONE;01/01/2000;
VID010;VIDEOGRAPHISTE;01/01/2000;
VID020;VIDEO JOCKEY (ARTISTE VJ);01/01/2000;
VIO010;VIOLONCELLISTE;01/01/2000;
VIO020;VIOLONISTE;01/01/2000;
VOI010;VOIX-OFF;01/01/2000;
VOL010;VOLTIGEUR;01/01/2000;
XYL010;XYLOPHONISTE;01/01/2000;
999SPT;Emplois permanents du spectacle / autres emplois du spectacle;01/01/2000;